session_id,load_time_sec,device,converted
S00000,0.7,Desktop,1
S00001,0.43,Desktop,0
S00002,1.33,Desktop,0
S00003,2.34,Desktop,0
S00004,1.22,Mobile,0
S00005,1.4,Desktop,0
S00006,0.42,Desktop,0
S00007,1.4,Desktop,0
S00008,4.67,Desktop,0
S00009,3.25,Desktop,0
S00010,2.36,Mobile,0
S00011,0.57,Mobile,0
S00012,3.77,Desktop,0
S00013,3.32,Mobile,0
S00014,0.67,Mobile,0
S00015,1.9,Mobile,0
S00016,0.43,Mobile,0
S00017,0.59,Mobile,0
S00018,0.97,Desktop,0
S00019,0.66,Desktop,0
S00020,2.53,Mobile,0
S00021,2.96,Mobile,0
S00022,1.03,Mobile,1
S00023,0.98,Mobile,1
S00024,0.58,Mobile,1
S00025,0.53,Mobile,0
S00026,2.27,Desktop,0
S00027,1.77,Desktop,0
S00028,0.49,Desktop,0
S00029,1.38,Desktop,0
S00030,1.17,Desktop,0
S00031,3.23,Mobile,0
S00032,2.3,Mobile,0
S00033,1.78,Desktop,0
S00034,1.61,Mobile,0
S00035,4.87,Mobile,0
S00036,6.88,Desktop,0
S00037,1.02,Desktop,0
S00038,0.81,Mobile,0
S00039,2.79,Mobile,0
S00040,0.5,Mobile,0
S00041,1.08,Mobile,0
S00042,0.51,Mobile,0
S00043,0.98,Mobile,1
S00044,0.51,Mobile,0
S00045,0.91,Mobile,1
S00046,2.74,Desktop,0
S00047,3.94,Desktop,0
S00048,2.76,Mobile,0
S00049,1.64,Desktop,0
S00050,1.84,Mobile,1
S00051,1.07,Mobile,1
S00052,0.68,Mobile,0
S00053,1.26,Mobile,0
S00054,2.38,Mobile,0
S00055,0.5,Desktop,0
S00056,0.43,Desktop,0
S00057,2.61,Mobile,0
S00058,0.93,Desktop,0
S00059,2.21,Mobile,0
S00060,2.39,Desktop,0
S00061,4.45,Mobile,0
S00062,1.17,Desktop,1
S00063,1.07,Desktop,0
S00064,2.86,Desktop,0
S00065,2.57,Mobile,0
S00066,1.99,Mobile,0
S00067,2.9,Mobile,0
S00068,1.94,Desktop,0
S00069,5.14,Desktop,0
S00070,1.01,Desktop,0
S00071,2.41,Mobile,0
S00072,4.89,Desktop,0
S00073,1.01,Desktop,0
S00074,1.82,Desktop,0
S00075,1.08,Mobile,0
S00076,1.33,Mobile,0
S00077,0.52,Desktop,0
S00078,0.43,Mobile,0
S00079,2.54,Desktop,0
S00080,1.3,Mobile,0
S00081,1.86,Desktop,0
S00082,2.42,Desktop,0
S00083,1.21,Desktop,0
S00084,1.09,Desktop,0
S00085,0.68,Desktop,0
S00086,2.77,Mobile,0
S00087,3.08,Mobile,0
S00088,2.39,Mobile,0
S00089,3.52,Mobile,0
S00090,1.97,Desktop,0
S00091,2.19,Desktop,0
S00092,0.72,Desktop,0
S00093,2.59,Desktop,0
S00094,1.01,Desktop,0
S00095,1.26,Desktop,0
S00096,0.98,Desktop,0
S00097,1.66,Mobile,0
S00098,2.01,Mobile,0
S00099,1.69,Mobile,0
S00100,0.97,Desktop,0
S00101,0.77,Mobile,1
S00102,3.2,Mobile,0
S00103,0.94,Desktop,1
S00104,1.26,Desktop,0
S00105,0.54,Mobile,0
S00106,0.94,Desktop,0
S00107,0.53,Mobile,0
S00108,1.03,Mobile,1
S00109,2.25,Desktop,0
S00110,5.87,Desktop,0
S00111,1.87,Desktop,0
S00112,0.87,Desktop,0
S00113,2.0,Desktop,1
S00114,1.88,Mobile,0
S00115,3.02,Desktop,0
S00116,1.54,Desktop,0
S00117,4.03,Desktop,0
S00118,1.21,Desktop,0
S00119,0.91,Desktop,0
S00120,1.5,Mobile,0
S00121,4.24,Desktop,0
S00122,2.33,Mobile,1
S00123,1.42,Mobile,0
S00124,1.43,Mobile,0
S00125,1.97,Desktop,0
S00126,1.29,Mobile,0
S00127,1.6,Desktop,1
S00128,5.72,Mobile,0
S00129,4.44,Desktop,0
S00130,3.16,Desktop,1
S00131,0.6,Desktop,0
S00132,1.62,Mobile,0
S00133,1.08,Desktop,0
S00134,4.04,Desktop,0
S00135,0.96,Desktop,1
S00136,4.41,Desktop,0
S00137,0.81,Mobile,0
S00138,1.22,Desktop,1
S00139,5.23,Mobile,0
S00140,1.76,Mobile,0
S00141,4.44,Mobile,0
S00142,1.56,Desktop,0
S00143,0.79,Mobile,0
S00144,2.27,Mobile,0
S00145,1.51,Desktop,0
S00146,1.46,Desktop,0
S00147,0.62,Desktop,0
S00148,0.63,Mobile,0
S00149,4.38,Mobile,0
S00150,5.09,Desktop,0
S00151,5.47,Desktop,0
S00152,1.06,Desktop,0
S00153,0.47,Desktop,0
S00154,1.61,Mobile,1
S00155,2.4,Desktop,0
S00156,1.97,Desktop,0
S00157,0.48,Desktop,1
S00158,0.8,Desktop,0
S00159,2.24,Mobile,0
S00160,0.48,Desktop,0
S00161,3.21,Desktop,0
S00162,7.18,Desktop,0
S00163,0.83,Mobile,0
S00164,0.48,Mobile,1
S00165,6.25,Mobile,0
S00166,2.59,Mobile,0
S00167,1.31,Mobile,0
S00168,1.38,Desktop,0
S00169,4.11,Mobile,0
S00170,1.06,Desktop,0
S00171,0.48,Desktop,0
S00172,1.83,Mobile,0
S00173,0.96,Desktop,1
S00174,2.12,Desktop,0
S00175,4.83,Mobile,0
S00176,1.07,Mobile,0
S00177,0.83,Desktop,0
S00178,0.48,Desktop,0
S00179,3.07,Desktop,0
S00180,0.52,Desktop,0
S00181,4.96,Desktop,0
S00182,2.24,Desktop,0
S00183,4.04,Desktop,0
S00184,2.93,Desktop,0
S00185,0.72,Mobile,0
S00186,0.69,Desktop,0
S00187,5.28,Mobile,0
S00188,0.92,Desktop,0
S00189,2.75,Desktop,0
S00190,0.68,Desktop,0
S00191,0.93,Desktop,0
S00192,2.08,Desktop,0
S00193,0.83,Mobile,0
S00194,2.49,Desktop,1
S00195,3.57,Mobile,0
S00196,0.98,Desktop,0
S00197,0.93,Desktop,1
S00198,0.44,Mobile,0
S00199,1.22,Desktop,0
S00200,0.5,Mobile,0
S00201,1.68,Mobile,0
S00202,2.15,Mobile,0
S00203,1.66,Mobile,0
S00204,1.79,Desktop,0
S00205,1.77,Mobile,0
S00206,3.89,Mobile,0
S00207,1.54,Desktop,0
S00208,3.36,Mobile,0
S00209,1.05,Desktop,0
S00210,0.63,Desktop,0
S00211,0.78,Mobile,0
S00212,2.76,Mobile,0
S00213,0.79,Mobile,0
S00214,2.62,Mobile,0
S00215,3.9,Desktop,0
S00216,1.58,Desktop,0
S00217,0.63,Mobile,0
S00218,1.87,Mobile,0
S00219,1.12,Mobile,0
S00220,3.99,Desktop,0
S00221,0.78,Desktop,0
S00222,0.8,Desktop,0
S00223,1.39,Desktop,0
S00224,1.42,Mobile,0
S00225,0.71,Mobile,0
S00226,1.1,Desktop,0
S00227,2.05,Mobile,0
S00228,1.35,Mobile,1
S00229,0.49,Mobile,0
S00230,1.21,Desktop,0
S00231,1.21,Mobile,0
S00232,1.29,Mobile,0
S00233,0.44,Mobile,0
S00234,0.88,Mobile,0
S00235,4.91,Mobile,0
S00236,3.62,Mobile,0
S00237,4.64,Desktop,0
S00238,2.53,Mobile,0
S00239,1.25,Mobile,0
S00240,4.56,Mobile,0
S00241,0.94,Mobile,0
S00242,1.75,Mobile,0
S00243,1.73,Desktop,1
S00244,1.27,Mobile,0
S00245,0.83,Desktop,0
S00246,1.0,Mobile,0
S00247,1.94,Mobile,1
S00248,0.9,Mobile,0
S00249,1.04,Mobile,0
S00250,1.06,Desktop,0
S00251,0.99,Desktop,0
S00252,3.05,Desktop,0
S00253,1.58,Desktop,0
S00254,0.43,Mobile,0
S00255,2.43,Desktop,0
S00256,1.45,Mobile,0
S00257,2.66,Desktop,0
S00258,1.42,Desktop,0
S00259,0.96,Desktop,0
S00260,3.14,Desktop,0
S00261,0.69,Desktop,0
S00262,0.89,Mobile,0
S00263,1.39,Desktop,0
S00264,3.35,Desktop,0
S00265,0.58,Mobile,0
S00266,1.02,Mobile,0
S00267,1.54,Desktop,0
S00268,2.1,Mobile,0
S00269,0.57,Desktop,0
S00270,2.51,Desktop,0
S00271,1.62,Desktop,0
S00272,1.49,Desktop,0
S00273,1.12,Desktop,0
S00274,0.97,Mobile,0
S00275,3.72,Mobile,0
S00276,8.02,Desktop,0
S00277,0.69,Mobile,0
S00278,0.76,Mobile,0
S00279,2.05,Mobile,0
S00280,2.57,Mobile,0
S00281,3.0,Desktop,0
S00282,0.94,Desktop,0
S00283,0.75,Desktop,0
S00284,0.51,Desktop,0
S00285,1.11,Mobile,0
S00286,1.64,Mobile,0
S00287,3.49,Desktop,0
S00288,0.45,Desktop,0
S00289,0.54,Mobile,0
S00290,1.99,Desktop,0
S00291,2.07,Desktop,0
S00292,0.6,Mobile,0
S00293,0.55,Desktop,0
S00294,0.44,Mobile,0
S00295,1.97,Desktop,0
S00296,0.89,Mobile,0
S00297,0.81,Desktop,1
S00298,2.04,Desktop,0
S00299,0.59,Mobile,0
S00300,1.55,Desktop,0
S00301,0.54,Desktop,0
S00302,0.5,Mobile,0
S00303,2.06,Mobile,0
S00304,2.75,Mobile,0
S00305,1.33,Desktop,0
S00306,1.17,Mobile,0
S00307,2.21,Desktop,0
S00308,0.52,Mobile,0
S00309,0.89,Mobile,0
S00310,3.94,Desktop,0
S00311,4.86,Desktop,0
S00312,0.46,Mobile,0
S00313,0.4,Desktop,1
S00314,2.59,Mobile,1
S00315,1.3,Desktop,0
S00316,2.56,Desktop,0
S00317,1.94,Desktop,0
S00318,1.29,Desktop,0
S00319,2.26,Mobile,0
S00320,1.79,Desktop,0
S00321,0.42,Mobile,1
S00322,1.34,Desktop,0
S00323,3.61,Mobile,0
S00324,2.67,Desktop,0
S00325,2.0,Desktop,0
S00326,1.86,Desktop,0
S00327,2.94,Desktop,0
S00328,0.92,Mobile,0
S00329,1.15,Desktop,1
S00330,1.89,Mobile,0
S00331,2.98,Desktop,0
S00332,0.98,Mobile,0
S00333,0.68,Desktop,0
S00334,0.88,Desktop,0
S00335,1.27,Mobile,0
S00336,0.56,Desktop,0
S00337,1.88,Desktop,0
S00338,3.8,Desktop,0
S00339,1.03,Desktop,0
S00340,5.1,Desktop,0
S00341,1.22,Desktop,0
S00342,1.55,Desktop,1
S00343,6.04,Desktop,0
S00344,2.26,Desktop,0
S00345,1.46,Desktop,0
S00346,2.51,Mobile,0
S00347,1.36,Desktop,0
S00348,2.32,Desktop,0
S00349,0.78,Desktop,1
S00350,0.52,Desktop,1
S00351,1.77,Desktop,0
S00352,1.51,Mobile,0
S00353,1.33,Desktop,0
S00354,0.59,Desktop,0
S00355,4.49,Desktop,0
S00356,0.58,Mobile,0
S00357,5.54,Desktop,0
S00358,0.97,Mobile,0
S00359,0.9,Desktop,1
S00360,4.62,Mobile,0
S00361,5.25,Desktop,0
S00362,2.21,Desktop,0
S00363,5.06,Mobile,0
S00364,0.69,Mobile,0
S00365,3.31,Mobile,0
S00366,1.84,Mobile,0
S00367,0.93,Desktop,1
S00368,1.76,Mobile,0
S00369,0.57,Desktop,0
S00370,2.76,Desktop,0
S00371,1.94,Mobile,0
S00372,0.57,Desktop,0
S00373,0.77,Desktop,0
S00374,0.92,Mobile,0
S00375,1.36,Mobile,0
S00376,0.79,Desktop,0
S00377,0.93,Desktop,0
S00378,1.6,Desktop,0
S00379,0.64,Mobile,0
S00380,2.5,Mobile,0
S00381,1.3,Desktop,0
S00382,1.18,Mobile,0
S00383,1.68,Mobile,0
S00384,0.66,Desktop,1
S00385,3.73,Desktop,0
S00386,0.58,Desktop,1
S00387,1.59,Desktop,0
S00388,5.43,Mobile,0
S00389,0.62,Mobile,0
S00390,2.2,Mobile,0
S00391,5.95,Desktop,0
S00392,8.62,Desktop,0
S00393,1.04,Mobile,0
S00394,1.87,Mobile,0
S00395,4.68,Mobile,0
S00396,1.87,Mobile,0
S00397,3.49,Mobile,0
S00398,2.19,Desktop,0
S00399,0.46,Desktop,0
S00400,1.04,Desktop,0
S00401,3.76,Desktop,0
S00402,1.35,Mobile,1
S00403,1.25,Desktop,0
S00404,0.95,Mobile,0
S00405,0.66,Desktop,0
S00406,2.06,Desktop,0
S00407,1.15,Desktop,1
S00408,3.61,Mobile,0
S00409,0.47,Mobile,1
S00410,3.51,Desktop,0
S00411,0.55,Desktop,0
S00412,3.0,Desktop,0
S00413,1.32,Mobile,0
S00414,2.42,Mobile,0
S00415,1.3,Mobile,0
S00416,0.66,Desktop,0
S00417,4.84,Mobile,0
S00418,1.94,Mobile,0
S00419,0.76,Desktop,0
S00420,1.76,Desktop,0
S00421,0.75,Desktop,0
S00422,1.17,Desktop,0
S00423,1.76,Desktop,0
S00424,1.81,Desktop,0
S00425,0.57,Mobile,0
S00426,0.72,Desktop,0
S00427,1.32,Mobile,0
S00428,1.49,Mobile,0
S00429,3.32,Desktop,0
S00430,1.69,Mobile,1
S00431,2.9,Mobile,0
S00432,1.09,Mobile,0
S00433,0.71,Mobile,0
S00434,0.89,Desktop,0
S00435,0.44,Mobile,1
S00436,1.08,Desktop,0
S00437,1.91,Mobile,0
S00438,3.17,Desktop,0
S00439,0.8,Desktop,0
S00440,2.24,Mobile,0
S00441,2.49,Desktop,0
S00442,2.16,Desktop,0
S00443,5.36,Desktop,0
S00444,1.7,Desktop,0
S00445,1.28,Desktop,0
S00446,1.55,Desktop,0
S00447,0.41,Mobile,0
S00448,0.41,Desktop,0
S00449,1.42,Desktop,0
S00450,1.11,Mobile,0
S00451,0.62,Mobile,0
S00452,1.06,Desktop,0
S00453,1.94,Mobile,0
S00454,1.51,Desktop,0
S00455,1.16,Mobile,0
S00456,2.6,Desktop,0
S00457,0.48,Desktop,1
S00458,3.66,Mobile,0
S00459,2.11,Desktop,0
S00460,1.22,Desktop,1
S00461,2.17,Desktop,0
S00462,4.6,Mobile,0
S00463,2.0,Desktop,0
S00464,2.06,Desktop,0
S00465,2.22,Desktop,0
S00466,4.11,Mobile,0
S00467,3.7,Desktop,0
S00468,0.89,Mobile,0
S00469,0.43,Desktop,0
S00470,0.89,Mobile,1
S00471,1.08,Desktop,1
S00472,0.83,Mobile,1
S00473,1.32,Mobile,0
S00474,4.57,Desktop,0
S00475,0.71,Desktop,0
S00476,1.12,Mobile,0
S00477,3.09,Mobile,0
S00478,0.61,Desktop,0
S00479,1.05,Mobile,0
S00480,1.6,Mobile,0
S00481,2.6,Desktop,0
S00482,3.37,Mobile,0
S00483,0.84,Mobile,0
S00484,4.97,Desktop,0
S00485,1.26,Mobile,0
S00486,0.61,Mobile,0
S00487,0.66,Desktop,0
S00488,1.26,Mobile,0
S00489,2.91,Mobile,0
S00490,0.51,Desktop,1
S00491,0.77,Desktop,0
S00492,2.83,Mobile,0
S00493,3.0,Desktop,0
S00494,0.73,Desktop,0
S00495,0.49,Desktop,0
S00496,1.99,Mobile,0
S00497,2.77,Mobile,0
S00498,0.48,Desktop,0
S00499,1.51,Mobile,0
S00500,0.63,Mobile,0
S00501,1.78,Mobile,0
S00502,0.58,Mobile,0
S00503,0.61,Mobile,0
S00504,1.57,Desktop,0
S00505,4.81,Desktop,0
S00506,0.44,Desktop,0
S00507,0.56,Desktop,0
S00508,0.74,Mobile,0
S00509,2.93,Desktop,0
S00510,0.81,Mobile,0
S00511,0.88,Mobile,1
S00512,1.24,Desktop,0
S00513,3.32,Mobile,0
S00514,0.89,Mobile,0
S00515,1.36,Mobile,0
S00516,1.37,Desktop,0
S00517,1.44,Mobile,0
S00518,1.29,Desktop,0
S00519,2.85,Mobile,0
S00520,0.73,Desktop,0
S00521,1.45,Desktop,0
S00522,0.61,Desktop,1
S00523,3.48,Mobile,1
S00524,1.23,Mobile,0
S00525,9.75,Desktop,0
S00526,2.03,Desktop,0
S00527,0.74,Desktop,0
S00528,4.28,Mobile,0
S00529,0.92,Desktop,0
S00530,1.93,Desktop,0
S00531,2.57,Desktop,0
S00532,0.56,Desktop,0
S00533,0.71,Desktop,0
S00534,1.23,Mobile,0
S00535,1.07,Mobile,0
S00536,0.97,Desktop,0
S00537,0.87,Desktop,0
S00538,1.07,Desktop,0
S00539,6.39,Mobile,0
S00540,1.32,Desktop,0
S00541,1.32,Desktop,0
S00542,0.83,Desktop,0
S00543,0.72,Desktop,1
S00544,0.85,Desktop,0
S00545,3.65,Desktop,0
S00546,3.66,Mobile,0
S00547,0.68,Mobile,0
S00548,1.16,Mobile,0
S00549,1.7,Mobile,0
S00550,1.61,Desktop,0
S00551,0.74,Desktop,0
S00552,0.5,Mobile,0
S00553,2.79,Mobile,0
S00554,0.61,Desktop,0
S00555,1.16,Mobile,0
S00556,2.56,Desktop,0
S00557,2.13,Mobile,0
S00558,1.19,Desktop,0
S00559,2.81,Mobile,0
S00560,7.9,Mobile,0
S00561,1.38,Mobile,0
S00562,3.64,Desktop,0
S00563,1.5,Mobile,0
S00564,1.14,Mobile,0
S00565,7.24,Desktop,0
S00566,2.62,Mobile,1
S00567,0.62,Desktop,0
S00568,1.57,Desktop,1
S00569,1.12,Desktop,1
S00570,1.43,Desktop,0
S00571,2.51,Mobile,0
S00572,1.02,Desktop,0
S00573,1.78,Mobile,0
S00574,0.81,Desktop,1
S00575,1.28,Desktop,0
S00576,3.7,Desktop,0
S00577,2.4,Mobile,0
S00578,1.08,Mobile,0
S00579,0.89,Mobile,0
S00580,1.79,Mobile,0
S00581,1.37,Mobile,0
S00582,6.98,Mobile,0
S00583,0.93,Mobile,0
S00584,4.2,Desktop,0
S00585,0.8,Desktop,0
S00586,2.82,Desktop,0
S00587,3.41,Mobile,0
S00588,0.71,Desktop,0
S00589,1.28,Desktop,1
S00590,2.26,Mobile,0
S00591,1.2,Desktop,0
S00592,0.57,Desktop,1
S00593,2.59,Mobile,0
S00594,1.4,Desktop,0
S00595,0.71,Desktop,0
S00596,0.48,Mobile,0
S00597,1.5,Mobile,0
S00598,0.92,Desktop,1
S00599,2.92,Mobile,0
S00600,0.66,Desktop,1
S00601,0.42,Desktop,0
S00602,3.97,Mobile,0
S00603,1.21,Desktop,0
S00604,3.28,Desktop,0
S00605,1.67,Mobile,0
S00606,3.59,Desktop,0
S00607,4.58,Desktop,0
S00608,0.53,Desktop,1
S00609,0.89,Desktop,0
S00610,0.7,Desktop,0
S00611,5.11,Desktop,0
S00612,2.18,Desktop,0
S00613,4.3,Desktop,0
S00614,6.73,Desktop,0
S00615,2.75,Desktop,0
S00616,3.51,Mobile,0
S00617,4.64,Desktop,0
S00618,1.81,Mobile,0
S00619,2.97,Desktop,0
S00620,5.9,Desktop,0
S00621,1.36,Desktop,0
S00622,0.77,Desktop,0
S00623,2.04,Mobile,0
S00624,0.49,Desktop,0
S00625,0.96,Mobile,0
S00626,1.11,Mobile,0
S00627,2.85,Mobile,0
S00628,0.44,Desktop,0
S00629,0.98,Mobile,0
S00630,0.95,Mobile,0
S00631,2.03,Desktop,0
S00632,3.52,Mobile,0
S00633,1.38,Mobile,0
S00634,3.19,Desktop,0
S00635,1.22,Desktop,1
S00636,1.45,Mobile,0
S00637,0.98,Mobile,0
S00638,0.73,Mobile,0
S00639,3.72,Desktop,0
S00640,1.78,Desktop,0
S00641,0.87,Mobile,0
S00642,1.56,Desktop,0
S00643,1.18,Desktop,1
S00644,0.46,Desktop,1
S00645,2.19,Mobile,0
S00646,3.44,Desktop,0
S00647,1.81,Mobile,0
S00648,0.64,Mobile,0
S00649,1.22,Desktop,0
S00650,0.74,Mobile,0
S00651,0.68,Mobile,0
S00652,0.92,Mobile,0
S00653,3.79,Desktop,0
S00654,3.18,Desktop,0
S00655,2.77,Desktop,0
S00656,4.35,Mobile,0
S00657,0.57,Desktop,0
S00658,0.77,Mobile,0
S00659,0.47,Mobile,1
S00660,0.41,Mobile,0
S00661,1.94,Mobile,0
S00662,1.19,Desktop,1
S00663,1.65,Mobile,0
S00664,3.45,Desktop,0
S00665,0.91,Mobile,0
S00666,0.82,Mobile,0
S00667,2.98,Mobile,0
S00668,0.44,Desktop,0
S00669,4.31,Desktop,0
S00670,1.04,Mobile,1
S00671,0.45,Mobile,0
S00672,0.77,Mobile,0
S00673,0.53,Desktop,0
S00674,3.19,Mobile,0
S00675,0.49,Mobile,0
S00676,0.48,Mobile,0
S00677,1.83,Mobile,1
S00678,0.75,Desktop,0
S00679,1.01,Desktop,0
S00680,2.71,Desktop,0
S00681,1.23,Desktop,0
S00682,2.36,Desktop,0
S00683,0.9,Desktop,0
S00684,0.61,Mobile,0
S00685,0.51,Mobile,0
S00686,3.13,Desktop,0
S00687,0.6,Mobile,0
S00688,0.52,Mobile,0
S00689,0.66,Desktop,0
S00690,1.51,Mobile,0
S00691,2.15,Desktop,0
S00692,1.42,Mobile,0
S00693,1.85,Desktop,1
S00694,1.43,Mobile,0
S00695,2.45,Desktop,0
S00696,1.79,Mobile,1
S00697,0.69,Mobile,0
S00698,1.01,Mobile,0
S00699,7.91,Mobile,0
S00700,1.29,Mobile,1
S00701,2.1,Desktop,0
S00702,0.68,Mobile,1
S00703,2.09,Mobile,0
S00704,2.2,Desktop,0
S00705,0.66,Mobile,0
S00706,4.65,Mobile,0
S00707,1.15,Mobile,0
S00708,1.04,Desktop,0
S00709,2.1,Mobile,0
S00710,4.19,Desktop,0
S00711,3.13,Desktop,0
S00712,1.64,Desktop,0
S00713,0.48,Mobile,0
S00714,1.4,Desktop,0
S00715,1.85,Mobile,0
S00716,3.12,Mobile,0
S00717,0.74,Mobile,0
S00718,1.34,Desktop,0
S00719,1.94,Mobile,0
S00720,2.15,Desktop,0
S00721,0.47,Desktop,0
S00722,3.53,Mobile,0
S00723,0.58,Mobile,0
S00724,3.29,Mobile,0
S00725,3.39,Desktop,0
S00726,1.82,Desktop,0
S00727,1.57,Desktop,0
S00728,1.05,Desktop,0
S00729,1.14,Mobile,0
S00730,4.22,Mobile,0
S00731,2.01,Desktop,0
S00732,1.34,Mobile,0
S00733,1.07,Desktop,0
S00734,8.39,Mobile,0
S00735,4.52,Desktop,0
S00736,4.27,Mobile,0
S00737,4.3,Desktop,0
S00738,1.06,Mobile,0
S00739,3.09,Desktop,0
S00740,2.15,Mobile,0
S00741,4.06,Desktop,0
S00742,2.4,Desktop,1
S00743,3.09,Desktop,0
S00744,2.82,Desktop,0
S00745,1.7,Desktop,0
S00746,2.19,Desktop,0
S00747,0.52,Desktop,0
S00748,1.13,Mobile,0
S00749,2.85,Desktop,0
S00750,0.55,Mobile,1
S00751,1.0,Desktop,0
S00752,1.88,Desktop,0
S00753,1.3,Mobile,0
S00754,0.51,Desktop,0
S00755,0.68,Desktop,0
S00756,2.05,Desktop,0
S00757,1.59,Desktop,0
S00758,1.73,Desktop,0
S00759,3.96,Desktop,0
S00760,4.45,Mobile,0
S00761,0.92,Mobile,0
S00762,3.64,Desktop,0
S00763,1.51,Desktop,0
S00764,1.94,Desktop,0
S00765,0.56,Desktop,0
S00766,1.17,Desktop,0
S00767,4.86,Mobile,0
S00768,4.6,Mobile,0
S00769,1.2,Mobile,1
S00770,0.82,Mobile,0
S00771,5.23,Mobile,0
S00772,1.44,Mobile,0
S00773,4.82,Desktop,0
S00774,0.45,Desktop,0
S00775,1.75,Desktop,0
S00776,0.9,Mobile,0
S00777,0.41,Desktop,0
S00778,1.41,Mobile,0
S00779,4.84,Desktop,0
S00780,1.32,Desktop,0
S00781,0.76,Desktop,1
S00782,2.2,Mobile,1
S00783,3.53,Mobile,0
S00784,2.54,Mobile,0
S00785,0.83,Desktop,0
S00786,2.66,Mobile,0
S00787,2.66,Desktop,0
S00788,1.33,Mobile,0
S00789,2.51,Mobile,0
S00790,0.46,Desktop,0
S00791,0.75,Desktop,0
S00792,1.14,Desktop,0
S00793,4.33,Desktop,0
S00794,2.19,Desktop,0
S00795,2.06,Mobile,0
S00796,3.0,Mobile,0
S00797,2.32,Mobile,0
S00798,0.5,Desktop,1
S00799,3.74,Desktop,0
S00800,2.56,Desktop,0
S00801,0.76,Desktop,0
S00802,1.76,Mobile,0
S00803,1.3,Mobile,0
S00804,0.44,Desktop,0
S00805,2.83,Mobile,0
S00806,1.03,Mobile,1
S00807,1.88,Mobile,1
S00808,2.98,Desktop,0
S00809,4.4,Desktop,0
S00810,1.52,Desktop,0
S00811,1.29,Desktop,0
S00812,0.41,Mobile,0
S00813,0.58,Desktop,0
S00814,2.34,Desktop,0
S00815,0.7,Desktop,1
S00816,1.52,Desktop,0
S00817,0.67,Desktop,0
S00818,2.77,Desktop,0
S00819,0.75,Desktop,0
S00820,2.61,Desktop,0
S00821,1.28,Mobile,0
S00822,2.47,Desktop,0
S00823,1.07,Desktop,0
S00824,5.43,Mobile,0
S00825,1.45,Desktop,0
S00826,1.18,Mobile,0
S00827,1.2,Mobile,0
S00828,0.94,Desktop,0
S00829,2.07,Desktop,0
S00830,0.69,Mobile,1
S00831,0.65,Desktop,1
S00832,5.37,Mobile,0
S00833,0.75,Mobile,0
S00834,2.9,Mobile,0
S00835,0.53,Desktop,0
S00836,1.75,Desktop,0
S00837,0.57,Mobile,0
S00838,1.07,Mobile,0
S00839,1.01,Mobile,0
S00840,1.82,Mobile,1
S00841,0.41,Mobile,0
S00842,0.89,Desktop,0
S00843,2.55,Mobile,0
S00844,2.53,Mobile,0
S00845,2.74,Desktop,0
S00846,1.69,Desktop,0
S00847,2.51,Mobile,0
S00848,1.26,Mobile,0
S00849,0.97,Desktop,0
S00850,2.9,Mobile,0
S00851,1.16,Mobile,0
S00852,0.61,Desktop,0
S00853,5.06,Desktop,0
S00854,0.61,Desktop,0
S00855,2.58,Desktop,0
S00856,0.75,Desktop,1
S00857,3.33,Desktop,0
S00858,1.87,Mobile,1
S00859,4.72,Mobile,0
S00860,1.79,Mobile,0
S00861,3.17,Desktop,0
S00862,1.43,Mobile,0
S00863,3.71,Desktop,0
S00864,1.19,Mobile,0
S00865,4.35,Mobile,0
S00866,1.96,Mobile,0
S00867,4.2,Desktop,0
S00868,0.47,Mobile,0
S00869,1.08,Desktop,1
S00870,3.88,Mobile,0
S00871,0.87,Mobile,1
S00872,1.58,Desktop,0
S00873,1.22,Desktop,0
S00874,0.42,Desktop,0
S00875,0.46,Mobile,0
S00876,1.41,Desktop,0
S00877,1.11,Mobile,0
S00878,3.68,Desktop,0
S00879,0.99,Mobile,1
S00880,0.66,Desktop,0
S00881,0.59,Desktop,0
S00882,1.19,Desktop,0
S00883,6.68,Desktop,0
S00884,3.82,Mobile,0
S00885,1.55,Mobile,0
S00886,1.5,Desktop,0
S00887,1.86,Mobile,0
S00888,2.44,Mobile,0
S00889,0.49,Mobile,1
S00890,4.57,Mobile,0
S00891,3.52,Mobile,0
S00892,1.34,Desktop,0
S00893,1.02,Desktop,0
S00894,1.53,Mobile,0
S00895,1.45,Desktop,0
S00896,0.97,Desktop,1
S00897,0.6,Mobile,0
S00898,2.34,Desktop,0
S00899,3.71,Mobile,0
S00900,1.97,Desktop,0
S00901,0.91,Mobile,0
S00902,1.26,Desktop,0
S00903,0.71,Desktop,1
S00904,4.55,Desktop,0
S00905,0.83,Desktop,0
S00906,1.05,Mobile,0
S00907,1.97,Desktop,0
S00908,2.4,Desktop,0
S00909,1.3,Mobile,1
S00910,0.62,Mobile,1
S00911,1.19,Mobile,0
S00912,2.94,Mobile,0
S00913,0.89,Desktop,0
S00914,1.19,Desktop,0
S00915,0.88,Mobile,0
S00916,1.09,Desktop,0
S00917,1.01,Desktop,0
S00918,1.38,Mobile,0
S00919,3.05,Mobile,0
S00920,2.94,Mobile,0
S00921,0.68,Desktop,0
S00922,0.81,Mobile,0
S00923,1.03,Desktop,0
S00924,2.11,Mobile,0
S00925,2.4,Desktop,0
S00926,2.4,Mobile,1
S00927,0.77,Mobile,0
S00928,0.78,Desktop,0
S00929,6.98,Mobile,0
S00930,1.73,Desktop,0
S00931,2.55,Desktop,0
S00932,0.74,Desktop,0
S00933,1.85,Desktop,0
S00934,0.92,Desktop,0
S00935,1.4,Mobile,0
S00936,1.28,Desktop,0
S00937,3.34,Desktop,0
S00938,1.07,Mobile,0
S00939,2.41,Mobile,0
S00940,0.95,Mobile,0
S00941,1.79,Desktop,0
S00942,3.31,Desktop,0
S00943,0.8,Desktop,0
S00944,1.21,Desktop,0
S00945,6.06,Mobile,0
S00946,3.03,Desktop,1
S00947,3.62,Desktop,0
S00948,1.78,Mobile,0
S00949,1.1,Desktop,0
S00950,0.63,Desktop,0
S00951,3.41,Desktop,0
S00952,0.58,Desktop,0
S00953,4.46,Desktop,0
S00954,4.37,Desktop,0
S00955,4.88,Desktop,0
S00956,2.67,Desktop,0
S00957,2.03,Desktop,0
S00958,1.14,Desktop,0
S00959,3.07,Mobile,0
S00960,1.7,Mobile,0
S00961,1.48,Mobile,0
S00962,0.62,Desktop,1
S00963,0.59,Desktop,0
S00964,2.08,Mobile,0
S00965,0.62,Desktop,0
S00966,2.22,Mobile,0
S00967,1.26,Desktop,1
S00968,0.61,Desktop,0
S00969,1.64,Desktop,1
S00970,2.75,Mobile,0
S00971,7.29,Mobile,0
S00972,0.83,Desktop,0
S00973,1.15,Mobile,0
S00974,1.39,Mobile,0
S00975,1.4,Desktop,0
S00976,0.8,Mobile,0
S00977,1.0,Mobile,0
S00978,0.54,Desktop,0
S00979,1.67,Mobile,0
S00980,8.87,Desktop,0
S00981,0.6,Desktop,0
S00982,2.31,Desktop,0
S00983,1.52,Mobile,0
S00984,1.0,Desktop,0
S00985,1.01,Desktop,0
S00986,6.83,Desktop,0
S00987,0.57,Desktop,0
S00988,1.73,Mobile,1
S00989,1.56,Mobile,0
S00990,4.71,Mobile,0
S00991,0.74,Mobile,1
S00992,0.45,Mobile,1
S00993,3.66,Mobile,0
S00994,0.99,Desktop,0
S00995,1.19,Mobile,0
S00996,0.59,Desktop,0
S00997,0.78,Desktop,0
S00998,0.78,Desktop,0
S00999,2.12,Desktop,1
S01000,0.62,Mobile,1
S01001,0.72,Mobile,0
S01002,1.17,Mobile,0
S01003,1.17,Mobile,0
S01004,0.48,Desktop,0
S01005,10.02,Mobile,0
S01006,3.17,Mobile,1
S01007,2.66,Mobile,0
S01008,2.22,Mobile,0
S01009,1.16,Desktop,0
S01010,2.05,Mobile,1
S01011,3.15,Desktop,0
S01012,2.3,Mobile,0
S01013,3.62,Mobile,0
S01014,2.66,Mobile,0
S01015,2.37,Mobile,0
S01016,4.04,Desktop,0
S01017,2.77,Mobile,0
S01018,1.01,Mobile,0
S01019,1.46,Desktop,0
S01020,0.55,Mobile,0
S01021,1.21,Mobile,0
S01022,1.93,Desktop,0
S01023,0.77,Mobile,0
S01024,1.69,Mobile,0
S01025,1.01,Desktop,0
S01026,0.8,Mobile,0
S01027,1.07,Desktop,0
S01028,1.75,Mobile,0
S01029,1.34,Mobile,1
S01030,1.28,Desktop,1
S01031,2.64,Mobile,0
S01032,1.94,Mobile,0
S01033,1.72,Desktop,0
S01034,0.58,Desktop,0
S01035,0.43,Desktop,0
S01036,1.1,Desktop,0
S01037,0.59,Mobile,0
S01038,1.99,Desktop,0
S01039,3.31,Desktop,0
S01040,2.41,Desktop,0
S01041,1.28,Desktop,0
S01042,3.12,Mobile,0
S01043,2.28,Mobile,0
S01044,1.5,Mobile,0
S01045,1.79,Mobile,0
S01046,0.7,Mobile,0
S01047,0.43,Desktop,0
S01048,4.18,Desktop,0
S01049,5.51,Desktop,0
S01050,1.47,Desktop,1
S01051,1.7,Desktop,1
S01052,2.74,Desktop,0
S01053,0.56,Desktop,0
S01054,2.31,Desktop,1
S01055,2.78,Desktop,0
S01056,0.81,Mobile,0
S01057,1.65,Desktop,1
S01058,2.85,Mobile,0
S01059,4.82,Desktop,0
S01060,1.2,Mobile,1
S01061,0.65,Mobile,0
S01062,2.35,Desktop,0
S01063,1.83,Desktop,0
S01064,1.42,Mobile,0
S01065,1.14,Desktop,0
S01066,0.44,Desktop,0
S01067,4.2,Desktop,0
S01068,1.12,Mobile,0
S01069,0.47,Mobile,0
S01070,0.56,Mobile,0
S01071,1.74,Desktop,0
S01072,0.45,Mobile,0
S01073,2.57,Mobile,0
S01074,2.44,Desktop,0
S01075,0.41,Desktop,1
S01076,1.95,Mobile,0
S01077,0.95,Mobile,0
S01078,0.92,Mobile,0
S01079,3.31,Mobile,0
S01080,0.51,Desktop,0
S01081,1.21,Mobile,1
S01082,5.04,Desktop,0
S01083,0.54,Mobile,0
S01084,1.8,Desktop,0
S01085,0.85,Desktop,0
S01086,0.79,Mobile,0
S01087,1.02,Desktop,0
S01088,2.27,Mobile,0
S01089,1.21,Desktop,0
S01090,2.28,Desktop,0
S01091,4.17,Desktop,0
S01092,4.06,Mobile,0
S01093,1.55,Mobile,0
S01094,0.84,Mobile,0
S01095,1.9,Mobile,0
S01096,0.55,Mobile,0
S01097,1.03,Desktop,0
S01098,0.94,Desktop,1
S01099,4.99,Mobile,0
S01100,1.63,Desktop,0
S01101,1.15,Mobile,0
S01102,0.9,Desktop,1
S01103,1.53,Desktop,0
S01104,1.53,Desktop,0
S01105,3.34,Desktop,0
S01106,1.44,Desktop,0
S01107,5.93,Mobile,0
S01108,0.48,Desktop,0
S01109,1.8,Desktop,0
S01110,1.23,Mobile,0
S01111,0.94,Mobile,0
S01112,1.4,Mobile,1
S01113,9.27,Desktop,0
S01114,1.16,Mobile,0
S01115,4.62,Desktop,0
S01116,1.54,Desktop,1
S01117,1.15,Desktop,0
S01118,0.51,Mobile,0
S01119,0.54,Desktop,0
S01120,3.4,Desktop,0
S01121,0.61,Mobile,0
S01122,0.91,Mobile,0
S01123,1.09,Desktop,0
S01124,0.51,Desktop,0
S01125,0.74,Desktop,1
S01126,0.78,Mobile,0
S01127,1.24,Desktop,0
S01128,0.62,Desktop,0
S01129,1.81,Desktop,0
S01130,1.35,Mobile,0
S01131,2.17,Mobile,1
S01132,0.74,Mobile,0
S01133,0.82,Desktop,0
S01134,1.32,Desktop,0
S01135,1.16,Mobile,0
S01136,0.99,Desktop,0
S01137,0.63,Mobile,0
S01138,1.43,Desktop,0
S01139,1.1,Desktop,0
S01140,1.11,Desktop,0
S01141,2.78,Desktop,0
S01142,0.48,Desktop,0
S01143,0.72,Desktop,0
S01144,5.11,Mobile,0
S01145,1.04,Desktop,0
S01146,0.5,Mobile,0
S01147,0.79,Desktop,0
S01148,0.52,Mobile,1
S01149,6.0,Desktop,0
S01150,0.95,Desktop,0
S01151,0.67,Desktop,1
S01152,0.56,Desktop,0
S01153,2.99,Mobile,0
S01154,1.63,Desktop,0
S01155,3.86,Desktop,0
S01156,1.14,Desktop,0
S01157,1.22,Mobile,1
S01158,1.51,Mobile,1
S01159,1.89,Desktop,0
S01160,1.49,Mobile,0
S01161,0.83,Desktop,0
S01162,1.62,Mobile,0
S01163,4.76,Desktop,0
S01164,1.63,Desktop,0
S01165,1.26,Mobile,0
S01166,0.51,Mobile,0
S01167,6.67,Desktop,0
S01168,0.43,Desktop,0
S01169,0.41,Desktop,0
S01170,1.01,Mobile,0
S01171,4.24,Desktop,0
S01172,1.03,Mobile,0
S01173,4.04,Desktop,0
S01174,3.44,Desktop,0
S01175,1.05,Desktop,0
S01176,1.64,Desktop,0
S01177,1.11,Mobile,0
S01178,3.46,Desktop,0
S01179,2.16,Desktop,0
S01180,2.14,Desktop,0
S01181,1.81,Mobile,1
S01182,1.87,Mobile,0
S01183,2.22,Desktop,0
S01184,3.48,Desktop,0
S01185,0.92,Desktop,0
S01186,0.67,Desktop,0
S01187,1.01,Desktop,0
S01188,2.7,Mobile,0
S01189,3.31,Desktop,0
S01190,1.18,Desktop,0
S01191,1.61,Mobile,0
S01192,2.8,Mobile,0
S01193,2.58,Desktop,0
S01194,2.64,Desktop,0
S01195,1.52,Desktop,0
S01196,2.02,Desktop,0
S01197,0.61,Mobile,0
S01198,1.52,Mobile,0
S01199,0.42,Desktop,0
S01200,1.31,Mobile,0
S01201,0.57,Desktop,1
S01202,3.6,Desktop,0
S01203,3.13,Desktop,0
S01204,1.75,Desktop,0
S01205,4.31,Mobile,0
S01206,0.61,Desktop,1
S01207,2.18,Desktop,0
S01208,1.2,Desktop,1
S01209,2.25,Mobile,0
S01210,2.61,Mobile,0
S01211,4.46,Mobile,0
S01212,4.88,Mobile,0
S01213,1.57,Desktop,0
S01214,4.11,Desktop,0
S01215,1.23,Mobile,0
S01216,2.33,Desktop,0
S01217,1.53,Mobile,0
S01218,3.38,Mobile,0
S01219,0.65,Desktop,0
S01220,2.53,Mobile,0
S01221,3.24,Mobile,1
S01222,2.31,Desktop,0
S01223,0.67,Mobile,1
S01224,1.94,Mobile,0
S01225,3.04,Desktop,0
S01226,0.69,Desktop,1
S01227,5.97,Mobile,0
S01228,0.96,Mobile,0
S01229,0.68,Mobile,0
S01230,1.92,Desktop,0
S01231,0.44,Mobile,0
S01232,1.78,Mobile,0
S01233,1.24,Mobile,0
S01234,4.93,Mobile,0
S01235,0.92,Desktop,1
S01236,1.4,Desktop,0
S01237,0.43,Mobile,0
S01238,1.26,Desktop,0
S01239,1.92,Desktop,0
S01240,0.69,Desktop,0
S01241,1.03,Desktop,0
S01242,2.41,Desktop,0
S01243,1.21,Mobile,0
S01244,0.83,Desktop,0
S01245,0.64,Mobile,0
S01246,0.43,Mobile,0
S01247,2.63,Desktop,0
S01248,1.32,Mobile,0
S01249,0.91,Mobile,0
S01250,0.54,Mobile,0
S01251,2.29,Desktop,0
S01252,3.45,Desktop,0
S01253,1.0,Desktop,0
S01254,1.24,Mobile,1
S01255,5.12,Desktop,0
S01256,0.9,Desktop,0
S01257,1.14,Desktop,0
S01258,1.2,Desktop,0
S01259,1.77,Mobile,1
S01260,1.13,Desktop,1
S01261,4.35,Desktop,0
S01262,2.67,Mobile,0
S01263,0.89,Mobile,0
S01264,0.53,Desktop,0
S01265,3.81,Desktop,0
S01266,2.49,Desktop,0
S01267,1.07,Mobile,0
S01268,2.04,Desktop,0
S01269,0.69,Mobile,0
S01270,1.04,Mobile,0
S01271,2.26,Desktop,0
S01272,1.6,Desktop,0
S01273,1.86,Desktop,0
S01274,1.59,Desktop,0
S01275,1.23,Desktop,0
S01276,1.37,Mobile,0
S01277,2.16,Mobile,0
S01278,6.95,Desktop,0
S01279,0.78,Mobile,0
S01280,4.58,Desktop,0
S01281,0.96,Mobile,0
S01282,1.5,Mobile,0
S01283,0.93,Desktop,0
S01284,5.41,Mobile,0
S01285,2.16,Desktop,0
S01286,0.98,Mobile,1
S01287,3.0,Mobile,0
S01288,1.74,Desktop,0
S01289,1.59,Mobile,0
S01290,1.27,Desktop,0
S01291,1.26,Desktop,0
S01292,2.64,Mobile,0
S01293,0.76,Mobile,0
S01294,0.63,Desktop,0
S01295,2.02,Mobile,0
S01296,0.99,Mobile,0
S01297,0.79,Desktop,0
S01298,0.75,Mobile,0
S01299,0.53,Mobile,0
S01300,1.19,Mobile,0
S01301,2.05,Mobile,0
S01302,2.93,Desktop,0
S01303,0.98,Mobile,0
S01304,0.49,Desktop,0
S01305,0.77,Desktop,0
S01306,0.6,Mobile,1
S01307,1.18,Desktop,0
S01308,0.45,Mobile,0
S01309,2.48,Mobile,0
S01310,1.66,Mobile,0
S01311,2.64,Mobile,0
S01312,4.08,Mobile,0
S01313,3.69,Desktop,0
S01314,0.92,Mobile,0
S01315,0.59,Desktop,1
S01316,1.1,Mobile,0
S01317,3.38,Mobile,0
S01318,3.55,Desktop,0
S01319,1.84,Mobile,0
S01320,1.06,Desktop,1
S01321,1.71,Mobile,0
S01322,0.82,Mobile,0
S01323,0.58,Desktop,0
S01324,0.43,Mobile,0
S01325,0.45,Mobile,1
S01326,4.11,Desktop,0
S01327,1.67,Desktop,0
S01328,1.15,Desktop,1
S01329,2.92,Desktop,0
S01330,1.7,Desktop,0
S01331,0.62,Desktop,0
S01332,2.2,Mobile,0
S01333,1.27,Desktop,0
S01334,1.85,Desktop,0
S01335,5.33,Desktop,0
S01336,0.48,Desktop,0
S01337,4.55,Desktop,0
S01338,0.7,Desktop,0
S01339,0.56,Mobile,0
S01340,0.99,Desktop,0
S01341,2.81,Desktop,0
S01342,0.96,Desktop,0
S01343,0.48,Desktop,0
S01344,2.45,Mobile,0
S01345,1.88,Desktop,0
S01346,2.45,Mobile,0
S01347,2.51,Desktop,0
S01348,4.66,Desktop,0
S01349,1.0,Mobile,0
S01350,3.14,Desktop,0
S01351,1.3,Desktop,0
S01352,1.4,Desktop,1
S01353,0.46,Desktop,1
S01354,3.65,Desktop,0
S01355,1.92,Desktop,0
S01356,1.14,Mobile,0
S01357,0.51,Desktop,1
S01358,0.84,Mobile,0
S01359,1.06,Desktop,0
S01360,1.92,Mobile,0
S01361,2.87,Mobile,0
S01362,1.1,Desktop,0
S01363,0.93,Mobile,0
S01364,0.48,Mobile,0
S01365,3.42,Desktop,0
S01366,0.77,Mobile,0
S01367,2.91,Mobile,0
S01368,2.21,Desktop,0
S01369,1.04,Desktop,0
S01370,0.78,Mobile,0
S01371,0.6,Mobile,0
S01372,0.74,Mobile,0
S01373,2.64,Desktop,0
S01374,5.63,Mobile,0
S01375,1.99,Desktop,0
S01376,0.83,Mobile,0
S01377,2.7,Mobile,0
S01378,1.82,Desktop,0
S01379,3.07,Mobile,0
S01380,1.53,Mobile,1
S01381,2.25,Mobile,0
S01382,0.71,Desktop,0
S01383,0.71,Desktop,0
S01384,0.53,Mobile,0
S01385,3.46,Desktop,0
S01386,1.47,Desktop,0
S01387,0.61,Mobile,1
S01388,3.89,Desktop,0
S01389,1.4,Desktop,0
S01390,0.68,Desktop,0
S01391,0.5,Desktop,0
S01392,0.53,Desktop,0
S01393,1.63,Mobile,0
S01394,1.09,Desktop,0
S01395,3.14,Desktop,0
S01396,2.64,Mobile,0
S01397,1.61,Mobile,0
S01398,1.07,Mobile,0
S01399,2.5,Desktop,0
S01400,2.91,Mobile,0
S01401,1.38,Desktop,0
S01402,2.08,Desktop,1
S01403,2.92,Desktop,0
S01404,1.12,Mobile,0
S01405,1.6,Mobile,0
S01406,0.76,Desktop,0
S01407,1.28,Desktop,0
S01408,0.88,Desktop,0
S01409,0.6,Mobile,0
S01410,2.89,Mobile,0
S01411,1.87,Desktop,0
S01412,1.91,Desktop,0
S01413,3.85,Desktop,0
S01414,2.89,Desktop,0
S01415,1.19,Desktop,1
S01416,0.9,Desktop,0
S01417,1.53,Desktop,0
S01418,3.53,Mobile,0
S01419,5.17,Mobile,0
S01420,5.34,Mobile,0
S01421,1.19,Desktop,0
S01422,1.66,Mobile,0
S01423,0.59,Mobile,0
S01424,1.28,Desktop,0
S01425,2.65,Mobile,0
S01426,0.67,Mobile,1
S01427,0.61,Desktop,0
S01428,1.01,Desktop,0
S01429,0.7,Desktop,0
S01430,0.68,Mobile,0
S01431,0.54,Desktop,0
S01432,1.13,Mobile,0
S01433,0.65,Mobile,0
S01434,4.18,Desktop,0
S01435,0.43,Mobile,0
S01436,0.44,Mobile,0
S01437,0.85,Mobile,1
S01438,3.48,Mobile,0
S01439,3.32,Mobile,0
S01440,0.86,Mobile,1
S01441,0.48,Mobile,0
S01442,2.43,Desktop,1
S01443,0.86,Mobile,0
S01444,4.07,Desktop,0
S01445,1.17,Mobile,0
S01446,1.38,Mobile,0
S01447,0.7,Mobile,1
S01448,2.88,Desktop,0
S01449,4.11,Desktop,0
S01450,3.06,Desktop,0
S01451,2.59,Desktop,0
S01452,1.14,Desktop,1
S01453,0.52,Desktop,0
S01454,0.44,Desktop,0
S01455,1.56,Mobile,0
S01456,2.82,Desktop,0
S01457,0.68,Desktop,0
S01458,1.14,Desktop,0
S01459,1.23,Desktop,0
S01460,2.02,Mobile,0
S01461,0.51,Desktop,0
S01462,0.48,Mobile,0
S01463,0.69,Desktop,0
S01464,1.56,Mobile,0
S01465,1.24,Mobile,0
S01466,5.53,Mobile,0
S01467,1.51,Desktop,0
S01468,3.71,Mobile,0
S01469,0.71,Desktop,0
S01470,0.43,Desktop,0
S01471,3.23,Mobile,0
S01472,1.3,Mobile,0
S01473,0.56,Desktop,0
S01474,1.67,Mobile,0
S01475,1.67,Mobile,0
S01476,0.87,Mobile,0
S01477,3.63,Desktop,0
S01478,3.04,Mobile,0
S01479,1.31,Desktop,0
S01480,0.8,Desktop,0
S01481,0.92,Desktop,0
S01482,3.88,Mobile,0
S01483,1.18,Desktop,0
S01484,1.72,Mobile,1
S01485,0.66,Desktop,0
S01486,1.76,Desktop,0
S01487,6.17,Desktop,0
S01488,3.8,Desktop,0
S01489,1.15,Mobile,0
S01490,0.84,Desktop,0
S01491,1.7,Desktop,1
S01492,1.64,Desktop,0
S01493,2.54,Mobile,0
S01494,0.53,Mobile,0
S01495,2.27,Mobile,0
S01496,7.11,Desktop,0
S01497,0.68,Desktop,0
S01498,1.21,Mobile,0
S01499,1.4,Desktop,0
S01500,3.49,Mobile,0
S01501,0.63,Mobile,0
S01502,0.43,Mobile,0
S01503,1.01,Mobile,0
S01504,3.55,Mobile,0
S01505,0.81,Mobile,0
S01506,0.67,Mobile,0
S01507,2.29,Desktop,0
S01508,0.45,Desktop,1
S01509,2.18,Desktop,0
S01510,1.35,Mobile,0
S01511,1.26,Desktop,1
S01512,2.95,Desktop,0
S01513,1.13,Mobile,0
S01514,1.4,Desktop,0
S01515,0.87,Desktop,0
S01516,2.99,Desktop,0
S01517,2.83,Desktop,0
S01518,2.53,Desktop,0
S01519,0.47,Mobile,0
S01520,1.28,Desktop,0
S01521,1.43,Mobile,0
S01522,1.48,Mobile,0
S01523,5.66,Mobile,0
S01524,0.67,Mobile,0
S01525,1.91,Desktop,0
S01526,2.51,Desktop,0
S01527,1.15,Mobile,0
S01528,0.86,Mobile,0
S01529,0.5,Mobile,0
S01530,2.45,Mobile,0
S01531,1.0,Mobile,0
S01532,1.24,Desktop,0
S01533,0.94,Mobile,0
S01534,1.01,Mobile,0
S01535,5.03,Mobile,0
S01536,2.03,Desktop,0
S01537,3.56,Desktop,0
S01538,1.26,Desktop,0
S01539,2.79,Mobile,0
S01540,3.3,Mobile,0
S01541,0.67,Mobile,0
S01542,5.05,Mobile,0
S01543,0.57,Mobile,0
S01544,1.69,Mobile,0
S01545,1.15,Desktop,0
S01546,2.29,Desktop,1
S01547,0.95,Mobile,0
S01548,1.92,Mobile,0
S01549,2.19,Desktop,0
S01550,0.51,Desktop,0
S01551,1.77,Desktop,0
S01552,1.54,Desktop,0
S01553,1.08,Mobile,0
S01554,0.64,Desktop,0
S01555,0.58,Desktop,0
S01556,2.39,Mobile,0
S01557,1.33,Desktop,0
S01558,3.69,Mobile,0
S01559,0.9,Mobile,0
S01560,2.87,Mobile,0
S01561,0.66,Desktop,0
S01562,0.89,Mobile,0
S01563,0.52,Mobile,0
S01564,3.14,Desktop,0
S01565,3.54,Desktop,0
S01566,1.27,Mobile,0
S01567,1.03,Desktop,0
S01568,3.05,Desktop,0
S01569,1.3,Mobile,0
S01570,0.69,Desktop,0
S01571,1.64,Desktop,0
S01572,1.61,Mobile,0
S01573,2.51,Desktop,0
S01574,2.43,Desktop,0
S01575,9.96,Desktop,0
S01576,0.79,Mobile,0
S01577,4.95,Desktop,0
S01578,0.95,Mobile,0
S01579,2.33,Mobile,0
S01580,1.42,Desktop,0
S01581,1.37,Desktop,0
S01582,0.46,Mobile,1
S01583,0.91,Desktop,0
S01584,1.7,Desktop,0
S01585,0.62,Mobile,0
S01586,1.15,Mobile,0
S01587,0.97,Desktop,1
S01588,1.51,Mobile,0
S01589,0.73,Desktop,1
S01590,2.22,Mobile,0
S01591,1.06,Mobile,1
S01592,0.48,Desktop,0
S01593,5.86,Mobile,0
S01594,2.57,Desktop,0
S01595,2.46,Desktop,0
S01596,3.1,Mobile,0
S01597,0.64,Mobile,0
S01598,0.63,Desktop,0
S01599,0.47,Mobile,0
S01600,0.84,Desktop,0
S01601,2.43,Mobile,0
S01602,0.64,Desktop,0
S01603,5.03,Mobile,0
S01604,1.37,Desktop,0
S01605,3.12,Desktop,0
S01606,1.7,Mobile,0
S01607,1.58,Mobile,0
S01608,1.13,Desktop,0
S01609,2.03,Desktop,0
S01610,1.2,Mobile,0
S01611,2.99,Desktop,0
S01612,0.87,Desktop,0
S01613,0.54,Desktop,0
S01614,1.66,Desktop,0
S01615,0.67,Mobile,0
S01616,0.7,Mobile,0
S01617,9.94,Desktop,0
S01618,2.59,Mobile,0
S01619,0.99,Mobile,0
S01620,1.2,Desktop,0
S01621,1.47,Mobile,0
S01622,0.9,Mobile,1
S01623,0.92,Desktop,1
S01624,0.79,Desktop,0
S01625,0.77,Mobile,0
S01626,0.68,Desktop,1
S01627,3.42,Mobile,0
S01628,2.54,Mobile,0
S01629,6.53,Desktop,0
S01630,1.87,Desktop,1
S01631,0.69,Desktop,0
S01632,1.43,Desktop,0
S01633,3.96,Mobile,0
S01634,1.83,Desktop,0
S01635,2.95,Desktop,0
S01636,0.82,Desktop,0
S01637,0.63,Desktop,0
S01638,5.49,Mobile,0
S01639,1.42,Mobile,0
S01640,3.65,Desktop,0
S01641,1.64,Mobile,0
S01642,0.97,Desktop,0
S01643,2.23,Mobile,0
S01644,1.34,Mobile,0
S01645,0.65,Desktop,1
S01646,2.67,Mobile,0
S01647,8.83,Desktop,0
S01648,3.22,Mobile,0
S01649,2.07,Desktop,0
S01650,2.69,Desktop,0
S01651,2.79,Desktop,0
S01652,0.4,Mobile,1
S01653,3.98,Mobile,0
S01654,0.45,Mobile,0
S01655,0.51,Desktop,0
S01656,1.93,Desktop,0
S01657,0.63,Desktop,0
S01658,2.53,Desktop,0
S01659,6.86,Mobile,0
S01660,2.34,Mobile,0
S01661,0.62,Desktop,0
S01662,0.89,Mobile,0
S01663,2.73,Mobile,0
S01664,1.8,Mobile,0
S01665,1.41,Desktop,1
S01666,0.88,Desktop,0
S01667,0.67,Mobile,0
S01668,1.0,Mobile,0
S01669,1.09,Mobile,0
S01670,0.94,Desktop,0
S01671,2.7,Mobile,0
S01672,0.73,Mobile,0
S01673,0.86,Mobile,0
S01674,1.48,Desktop,0
S01675,1.28,Mobile,0
S01676,1.29,Mobile,0
S01677,0.47,Desktop,0
S01678,1.34,Desktop,0
S01679,2.88,Mobile,0
S01680,3.92,Desktop,0
S01681,2.71,Desktop,0
S01682,1.04,Desktop,0
S01683,1.94,Desktop,0
S01684,1.09,Desktop,0
S01685,1.34,Desktop,0
S01686,4.93,Mobile,0
S01687,1.47,Desktop,0
S01688,2.06,Desktop,0
S01689,1.33,Desktop,1
S01690,1.9,Mobile,0
S01691,1.65,Mobile,0
S01692,0.45,Desktop,0
S01693,0.82,Desktop,0
S01694,2.27,Desktop,0
S01695,1.5,Desktop,0
S01696,2.77,Mobile,0
S01697,0.67,Mobile,0
S01698,0.48,Mobile,1
S01699,2.06,Desktop,1
S01700,1.75,Desktop,0
S01701,1.84,Mobile,0
S01702,2.77,Desktop,0
S01703,0.82,Desktop,0
S01704,4.48,Desktop,0
S01705,3.66,Mobile,0
S01706,3.91,Mobile,0
S01707,2.67,Desktop,0
S01708,0.86,Desktop,0
S01709,3.3,Mobile,0
S01710,4.85,Mobile,0
S01711,5.09,Mobile,0
S01712,3.71,Desktop,0
S01713,2.61,Mobile,0
S01714,0.77,Desktop,0
S01715,0.66,Desktop,0
S01716,1.57,Desktop,0
S01717,3.81,Desktop,0
S01718,1.51,Desktop,0
S01719,1.51,Mobile,1
S01720,2.24,Desktop,0
S01721,0.59,Mobile,0
S01722,1.3,Desktop,0
S01723,1.02,Desktop,1
S01724,0.87,Desktop,0
S01725,0.79,Desktop,0
S01726,2.91,Desktop,1
S01727,5.7,Desktop,0
S01728,2.55,Desktop,0
S01729,4.94,Mobile,0
S01730,1.5,Desktop,0
S01731,1.04,Desktop,0
S01732,5.03,Desktop,0
S01733,0.88,Desktop,0
S01734,0.53,Mobile,0
S01735,1.69,Desktop,0
S01736,3.85,Desktop,0
S01737,1.34,Desktop,0
S01738,1.15,Mobile,1
S01739,1.88,Desktop,0
S01740,1.19,Mobile,0
S01741,1.71,Mobile,0
S01742,0.99,Desktop,0
S01743,0.62,Mobile,1
S01744,1.74,Desktop,0
S01745,2.38,Desktop,0
S01746,2.38,Desktop,1
S01747,1.73,Mobile,0
S01748,0.52,Desktop,0
S01749,2.23,Desktop,1
S01750,0.8,Mobile,0
S01751,0.45,Mobile,0
S01752,1.31,Mobile,0
S01753,2.69,Desktop,0
S01754,1.11,Mobile,0
S01755,1.19,Desktop,0
S01756,2.23,Desktop,0
S01757,1.49,Desktop,0
S01758,1.52,Desktop,0
S01759,4.48,Desktop,0
S01760,1.04,Desktop,0
S01761,1.86,Desktop,1
S01762,0.65,Desktop,0
S01763,2.63,Mobile,0
S01764,1.08,Mobile,0
S01765,2.31,Desktop,0
S01766,1.77,Desktop,0
S01767,4.0,Mobile,0
S01768,0.57,Mobile,1
S01769,0.54,Mobile,1
S01770,4.69,Desktop,0
S01771,1.46,Desktop,0
S01772,2.77,Mobile,0
S01773,1.36,Mobile,0
S01774,0.48,Mobile,0
S01775,2.57,Mobile,1
S01776,1.05,Desktop,0
S01777,1.4,Desktop,0
S01778,1.88,Desktop,0
S01779,1.92,Desktop,0
S01780,2.6,Desktop,0
S01781,1.77,Desktop,0
S01782,0.76,Desktop,0
S01783,2.39,Desktop,0
S01784,0.59,Mobile,0
S01785,3.45,Mobile,0
S01786,6.26,Mobile,0
S01787,2.83,Desktop,0
S01788,1.27,Mobile,1
S01789,1.13,Desktop,0
S01790,3.71,Desktop,0
S01791,0.43,Desktop,1
S01792,3.82,Mobile,0
S01793,0.88,Desktop,0
S01794,1.09,Mobile,0
S01795,0.93,Desktop,0
S01796,1.16,Desktop,0
S01797,2.33,Desktop,0
S01798,8.79,Mobile,0
S01799,1.18,Desktop,0
S01800,0.79,Mobile,0
S01801,0.91,Mobile,0
S01802,1.76,Desktop,1
S01803,2.2,Desktop,0
S01804,2.11,Mobile,0
S01805,1.76,Desktop,1
S01806,2.23,Desktop,0
S01807,1.96,Desktop,0
S01808,3.45,Desktop,0
S01809,1.99,Desktop,0
S01810,6.51,Mobile,0
S01811,1.95,Desktop,0
S01812,2.52,Desktop,0
S01813,0.49,Desktop,0
S01814,2.8,Mobile,0
S01815,2.59,Desktop,0
S01816,1.26,Desktop,1
S01817,0.66,Desktop,0
S01818,0.6,Mobile,0
S01819,0.91,Desktop,1
S01820,2.3,Desktop,0
S01821,1.42,Mobile,0
S01822,1.55,Mobile,0
S01823,3.83,Mobile,0
S01824,2.73,Mobile,0
S01825,1.66,Mobile,0
S01826,0.42,Desktop,1
S01827,0.5,Desktop,0
S01828,1.76,Desktop,0
S01829,0.71,Desktop,1
S01830,1.71,Desktop,0
S01831,1.69,Desktop,0
S01832,2.19,Mobile,0
S01833,3.02,Desktop,0
S01834,1.24,Desktop,0
S01835,0.99,Mobile,0
S01836,6.03,Desktop,0
S01837,1.21,Desktop,0
S01838,1.11,Desktop,0
S01839,1.5,Mobile,0
S01840,2.15,Mobile,0
S01841,0.54,Desktop,0
S01842,1.1,Mobile,0
S01843,0.56,Mobile,0
S01844,2.37,Desktop,0
S01845,3.85,Desktop,0
S01846,4.35,Desktop,0
S01847,1.74,Desktop,0
S01848,1.17,Desktop,1
S01849,3.19,Mobile,1
S01850,0.97,Mobile,1
S01851,0.79,Mobile,1
S01852,0.77,Mobile,0
S01853,0.51,Desktop,0
S01854,0.63,Desktop,1
S01855,3.79,Desktop,0
S01856,1.27,Desktop,0
S01857,0.46,Desktop,0
S01858,1.15,Desktop,0
S01859,0.91,Desktop,0
S01860,0.44,Mobile,0
S01861,0.54,Mobile,0
S01862,2.86,Mobile,0
S01863,1.26,Mobile,0
S01864,3.75,Desktop,0
S01865,0.63,Desktop,1
S01866,1.05,Mobile,0
S01867,4.65,Desktop,0
S01868,1.69,Mobile,0
S01869,3.92,Mobile,0
S01870,3.42,Mobile,0
S01871,1.69,Mobile,0
S01872,2.17,Desktop,1
S01873,4.75,Desktop,0
S01874,0.83,Desktop,0
S01875,2.97,Mobile,0
S01876,3.42,Desktop,0
S01877,0.5,Mobile,0
S01878,1.02,Mobile,0
S01879,1.45,Mobile,1
S01880,2.51,Mobile,0
S01881,1.24,Mobile,0
S01882,1.41,Desktop,0
S01883,0.43,Mobile,0
S01884,0.67,Mobile,0
S01885,1.07,Desktop,0
S01886,1.36,Desktop,0
S01887,5.7,Mobile,0
S01888,0.95,Mobile,0
S01889,2.39,Desktop,0
S01890,0.43,Mobile,0
S01891,1.6,Desktop,0
S01892,2.81,Desktop,0
S01893,1.01,Desktop,0
S01894,0.79,Desktop,0
S01895,0.79,Mobile,0
S01896,1.43,Desktop,0
S01897,1.78,Mobile,0
S01898,4.36,Desktop,0
S01899,0.96,Mobile,0
S01900,1.87,Mobile,0
S01901,0.64,Desktop,0
S01902,1.11,Desktop,0
S01903,0.72,Mobile,0
S01904,2.6,Desktop,0
S01905,1.13,Desktop,0
S01906,2.12,Desktop,0
S01907,1.64,Mobile,0
S01908,1.21,Mobile,0
S01909,2.22,Mobile,0
S01910,0.77,Mobile,0
S01911,3.21,Desktop,0
S01912,2.67,Mobile,0
S01913,1.06,Mobile,0
S01914,1.52,Desktop,0
S01915,2.77,Desktop,0
S01916,2.9,Desktop,0
S01917,3.33,Desktop,0
S01918,3.22,Mobile,0
S01919,2.96,Mobile,0
S01920,2.13,Desktop,0
S01921,0.73,Mobile,0
S01922,9.06,Mobile,0
S01923,0.57,Desktop,0
S01924,0.79,Desktop,0
S01925,1.03,Desktop,1
S01926,0.41,Desktop,0
S01927,0.86,Desktop,0
S01928,4.56,Desktop,0
S01929,0.9,Mobile,0
S01930,2.05,Desktop,0
S01931,3.42,Desktop,0
S01932,0.56,Desktop,0
S01933,2.11,Mobile,0
S01934,2.33,Desktop,0
S01935,4.16,Desktop,0
S01936,0.56,Desktop,1
S01937,2.0,Desktop,0
S01938,1.72,Mobile,0
S01939,2.16,Desktop,0
S01940,1.64,Mobile,0
S01941,4.62,Desktop,0
S01942,3.55,Mobile,0
S01943,1.13,Desktop,1
S01944,1.16,Mobile,0
S01945,0.76,Mobile,0
S01946,3.87,Desktop,0
S01947,0.92,Desktop,1
S01948,6.52,Mobile,0
S01949,0.41,Desktop,0
S01950,7.63,Mobile,0
S01951,0.94,Mobile,0
S01952,0.79,Desktop,0
S01953,0.5,Mobile,0
S01954,2.73,Desktop,0
S01955,1.26,Mobile,0
S01956,1.71,Desktop,0
S01957,1.18,Desktop,0
S01958,3.48,Desktop,1
S01959,1.87,Desktop,1
S01960,2.97,Mobile,0
S01961,1.02,Mobile,0
S01962,2.72,Desktop,0
S01963,0.59,Mobile,0
S01964,5.04,Mobile,0
S01965,0.51,Desktop,0
S01966,1.74,Desktop,0
S01967,0.83,Mobile,0
S01968,0.93,Desktop,0
S01969,1.48,Mobile,0
S01970,0.46,Desktop,0
S01971,1.04,Desktop,1
S01972,0.85,Mobile,0
S01973,2.72,Mobile,0
S01974,3.02,Mobile,0
S01975,1.59,Desktop,0
S01976,1.99,Desktop,0
S01977,1.24,Desktop,0
S01978,0.65,Mobile,0
S01979,3.18,Desktop,1
S01980,1.14,Mobile,0
S01981,1.2,Mobile,0
S01982,5.93,Desktop,0
S01983,6.61,Desktop,0
S01984,1.0,Desktop,0
S01985,3.13,Desktop,1
S01986,2.76,Desktop,0
S01987,0.99,Mobile,0
S01988,1.68,Desktop,0
S01989,4.61,Mobile,0
S01990,1.2,Desktop,0
S01991,1.25,Desktop,1
S01992,1.37,Desktop,0
S01993,3.86,Mobile,0
S01994,0.59,Mobile,0
S01995,0.64,Desktop,0
S01996,1.72,Desktop,0
S01997,8.23,Mobile,0
S01998,2.18,Mobile,0
S01999,1.36,Desktop,0
S02000,2.77,Mobile,0
S02001,0.63,Mobile,0
S02002,1.56,Mobile,1
S02003,1.92,Desktop,0
S02004,0.69,Desktop,0
S02005,0.91,Desktop,1
S02006,1.01,Desktop,1
S02007,2.04,Mobile,0
S02008,4.52,Mobile,0
S02009,0.41,Desktop,0
S02010,2.17,Desktop,0
S02011,1.77,Desktop,0
S02012,4.13,Desktop,0
S02013,1.3,Desktop,0
S02014,2.81,Mobile,1
S02015,1.49,Desktop,0
S02016,0.55,Desktop,1
S02017,2.04,Mobile,0
S02018,2.15,Desktop,0
S02019,4.66,Mobile,0
S02020,0.69,Desktop,0
S02021,0.55,Mobile,0
S02022,5.32,Mobile,0
S02023,0.93,Desktop,0
S02024,1.03,Desktop,0
S02025,0.52,Desktop,1
S02026,1.01,Mobile,0
S02027,0.85,Desktop,1
S02028,0.98,Desktop,0
S02029,1.65,Mobile,1
S02030,0.63,Mobile,0
S02031,0.59,Mobile,0
S02032,1.56,Desktop,0
S02033,7.06,Desktop,0
S02034,2.52,Desktop,0
S02035,1.15,Mobile,0
S02036,0.81,Mobile,0
S02037,2.9,Desktop,0
S02038,3.68,Mobile,0
S02039,1.73,Desktop,0
S02040,1.56,Mobile,0
S02041,0.8,Desktop,0
S02042,3.97,Desktop,0
S02043,0.85,Mobile,0
S02044,1.32,Desktop,0
S02045,1.93,Desktop,1
S02046,4.19,Desktop,0
S02047,0.76,Mobile,0
S02048,3.77,Desktop,0
S02049,2.9,Desktop,0
S02050,0.68,Desktop,0
S02051,1.19,Mobile,0
S02052,4.19,Mobile,0
S02053,1.98,Desktop,0
S02054,0.85,Desktop,0
S02055,8.05,Desktop,0
S02056,1.54,Desktop,0
S02057,1.29,Desktop,0
S02058,0.53,Desktop,0
S02059,0.6,Mobile,0
S02060,1.33,Mobile,0
S02061,1.51,Mobile,0
S02062,3.06,Desktop,0
S02063,0.54,Mobile,0
S02064,1.71,Desktop,0
S02065,0.83,Mobile,0
S02066,3.22,Mobile,0
S02067,1.54,Desktop,0
S02068,2.9,Mobile,0
S02069,1.26,Mobile,0
S02070,1.75,Mobile,0
S02071,0.76,Desktop,0
S02072,0.67,Desktop,0
S02073,0.72,Desktop,0
S02074,1.3,Mobile,1
S02075,0.9,Mobile,0
S02076,1.14,Desktop,0
S02077,2.5,Desktop,0
S02078,0.43,Desktop,0
S02079,6.95,Mobile,0
S02080,5.42,Desktop,0
S02081,0.87,Desktop,0
S02082,2.94,Mobile,0
S02083,0.6,Mobile,0
S02084,1.85,Desktop,0
S02085,0.6,Mobile,0
S02086,1.06,Mobile,0
S02087,4.36,Mobile,0
S02088,1.69,Mobile,0
S02089,1.2,Desktop,0
S02090,0.55,Mobile,0
S02091,0.7,Desktop,1
S02092,3.42,Mobile,0
S02093,0.51,Mobile,0
S02094,1.82,Desktop,0
S02095,6.79,Desktop,0
S02096,0.49,Desktop,0
S02097,1.08,Desktop,0
S02098,1.44,Desktop,0
S02099,0.82,Desktop,0
S02100,8.78,Desktop,0
S02101,5.2,Desktop,0
S02102,4.58,Desktop,0
S02103,0.77,Mobile,0
S02104,3.48,Desktop,0
S02105,1.67,Desktop,0
S02106,1.21,Mobile,1
S02107,2.22,Desktop,0
S02108,1.5,Mobile,0
S02109,2.47,Mobile,0
S02110,0.43,Desktop,0
S02111,2.44,Desktop,0
S02112,0.74,Mobile,0
S02113,2.18,Mobile,0
S02114,2.84,Mobile,0
S02115,4.39,Mobile,0
S02116,0.63,Desktop,0
S02117,2.02,Mobile,0
S02118,0.81,Desktop,0
S02119,2.01,Desktop,0
S02120,0.45,Mobile,0
S02121,1.84,Desktop,0
S02122,2.68,Desktop,0
S02123,3.51,Desktop,0
S02124,0.6,Desktop,0
S02125,0.5,Desktop,0
S02126,0.52,Desktop,0
S02127,2.22,Mobile,0
S02128,2.24,Desktop,0
S02129,2.82,Desktop,0
S02130,2.65,Mobile,1
S02131,0.84,Mobile,0
S02132,1.84,Mobile,0
S02133,0.49,Mobile,1
S02134,0.7,Desktop,0
S02135,0.59,Desktop,0
S02136,4.28,Mobile,0
S02137,0.4,Mobile,0
S02138,0.99,Desktop,0
S02139,1.72,Mobile,0
S02140,1.12,Desktop,1
S02141,1.76,Desktop,0
S02142,1.88,Mobile,0
S02143,2.55,Mobile,0
S02144,1.72,Desktop,0
S02145,0.78,Mobile,1
S02146,0.63,Mobile,0
S02147,1.23,Desktop,0
S02148,1.99,Mobile,0
S02149,2.04,Mobile,0
S02150,2.22,Desktop,0
S02151,1.61,Desktop,0
S02152,0.79,Mobile,0
S02153,3.95,Desktop,1
S02154,1.14,Desktop,0
S02155,2.46,Mobile,0
S02156,2.32,Desktop,0
S02157,2.04,Mobile,0
S02158,2.57,Desktop,0
S02159,3.84,Desktop,0
S02160,3.33,Desktop,1
S02161,4.69,Desktop,0
S02162,2.36,Desktop,0
S02163,3.53,Mobile,0
S02164,6.37,Desktop,0
S02165,1.04,Desktop,0
S02166,1.38,Mobile,0
S02167,1.43,Desktop,0
S02168,0.75,Desktop,0
S02169,1.21,Desktop,1
S02170,1.16,Desktop,0
S02171,3.17,Mobile,0
S02172,3.42,Mobile,0
S02173,1.98,Mobile,0
S02174,1.0,Desktop,0
S02175,2.47,Desktop,0
S02176,1.57,Desktop,0
S02177,1.74,Mobile,0
S02178,0.81,Mobile,0
S02179,2.53,Mobile,0
S02180,1.58,Desktop,0
S02181,1.86,Mobile,0
S02182,1.31,Mobile,1
S02183,3.06,Desktop,0
S02184,1.62,Desktop,0
S02185,1.67,Mobile,0
S02186,2.0,Desktop,0
S02187,1.45,Mobile,0
S02188,2.35,Desktop,0
S02189,0.91,Mobile,0
S02190,2.55,Desktop,0
S02191,2.48,Desktop,0
S02192,0.98,Desktop,1
S02193,0.54,Mobile,0
S02194,2.18,Desktop,0
S02195,2.1,Mobile,0
S02196,0.43,Mobile,0
S02197,1.83,Mobile,0
S02198,2.62,Desktop,0
S02199,1.21,Mobile,0
S02200,0.45,Mobile,0
S02201,1.23,Mobile,0
S02202,1.25,Mobile,0
S02203,1.24,Mobile,0
S02204,1.12,Mobile,0
S02205,1.26,Desktop,0
S02206,0.77,Mobile,0
S02207,0.59,Mobile,0
S02208,4.01,Desktop,0
S02209,0.56,Mobile,0
S02210,1.06,Mobile,0
S02211,0.65,Desktop,1
S02212,0.88,Mobile,1
S02213,1.41,Mobile,1
S02214,1.27,Mobile,1
S02215,1.49,Mobile,0
S02216,1.26,Mobile,1
S02217,1.72,Desktop,0
S02218,0.43,Desktop,1
S02219,1.56,Mobile,0
S02220,0.6,Desktop,1
S02221,2.13,Desktop,0
S02222,0.48,Desktop,1
S02223,0.6,Desktop,0
S02224,0.87,Mobile,0
S02225,1.7,Mobile,0
S02226,1.04,Mobile,0
S02227,3.78,Mobile,0
S02228,3.22,Mobile,0
S02229,1.88,Mobile,1
S02230,4.61,Mobile,0
S02231,0.65,Desktop,0
S02232,1.07,Mobile,0
S02233,0.77,Desktop,1
S02234,4.04,Desktop,0
S02235,0.6,Desktop,0
S02236,1.27,Mobile,0
S02237,0.52,Desktop,0
S02238,4.28,Desktop,0
S02239,1.75,Desktop,0
S02240,0.73,Desktop,0
S02241,3.69,Mobile,0
S02242,2.92,Mobile,0
S02243,2.04,Desktop,0
S02244,1.84,Desktop,1
S02245,1.61,Mobile,0
S02246,1.98,Mobile,0
S02247,0.53,Mobile,0
S02248,1.1,Desktop,0
S02249,0.84,Desktop,0
S02250,2.62,Mobile,0
S02251,1.91,Desktop,0
S02252,2.85,Desktop,0
S02253,0.69,Mobile,0
S02254,5.28,Mobile,0
S02255,1.68,Desktop,0
S02256,0.52,Desktop,0
S02257,2.19,Desktop,0
S02258,1.32,Desktop,0
S02259,1.26,Desktop,0
S02260,1.16,Desktop,0
S02261,5.62,Mobile,0
S02262,1.45,Mobile,0
S02263,2.04,Mobile,0
S02264,6.96,Mobile,0
S02265,3.77,Desktop,0
S02266,0.89,Mobile,0
S02267,2.08,Desktop,1
S02268,1.58,Desktop,0
S02269,0.74,Desktop,0
S02270,2.91,Mobile,0
S02271,4.58,Desktop,0
S02272,1.62,Desktop,0
S02273,2.35,Mobile,0
S02274,3.47,Desktop,0
S02275,0.76,Mobile,0
S02276,0.49,Desktop,0
S02277,0.85,Mobile,0
S02278,2.5,Desktop,1
S02279,3.22,Mobile,0
S02280,0.6,Mobile,0
S02281,1.47,Desktop,0
S02282,1.07,Mobile,1
S02283,0.72,Mobile,0
S02284,0.7,Desktop,1
S02285,1.35,Desktop,0
S02286,1.72,Mobile,0
S02287,2.33,Desktop,0
S02288,3.07,Desktop,0
S02289,0.88,Desktop,0
S02290,1.47,Mobile,0
S02291,1.81,Mobile,0
S02292,4.33,Desktop,0
S02293,3.14,Mobile,0
S02294,3.43,Mobile,0
S02295,1.71,Desktop,0
S02296,1.14,Desktop,0
S02297,0.79,Mobile,0
S02298,1.23,Mobile,0
S02299,10.04,Desktop,0
S02300,2.57,Desktop,0
S02301,0.81,Mobile,0
S02302,1.58,Desktop,0
S02303,0.86,Desktop,0
S02304,0.86,Desktop,1
S02305,0.56,Mobile,0
S02306,2.48,Desktop,0
S02307,1.18,Mobile,0
S02308,0.86,Mobile,0
S02309,1.0,Mobile,0
S02310,0.57,Desktop,0
S02311,2.29,Desktop,0
S02312,1.3,Mobile,0
S02313,5.42,Mobile,0
S02314,4.04,Desktop,0
S02315,2.69,Desktop,0
S02316,1.25,Desktop,0
S02317,1.28,Mobile,0
S02318,5.09,Mobile,0
S02319,0.72,Mobile,0
S02320,2.85,Desktop,0
S02321,4.15,Desktop,0
S02322,1.26,Mobile,0
S02323,1.81,Mobile,0
S02324,0.72,Mobile,0
S02325,1.94,Desktop,0
S02326,0.61,Mobile,0
S02327,4.02,Desktop,0
S02328,0.46,Desktop,0
S02329,1.03,Mobile,0
S02330,1.32,Desktop,1
S02331,2.73,Desktop,0
S02332,1.14,Desktop,0
S02333,1.12,Desktop,0
S02334,3.61,Desktop,0
S02335,1.9,Desktop,0
S02336,1.57,Desktop,0
S02337,1.56,Desktop,1
S02338,1.37,Mobile,0
S02339,0.74,Desktop,0
S02340,1.68,Desktop,0
S02341,0.68,Mobile,0
S02342,1.01,Desktop,0
S02343,1.68,Mobile,0
S02344,2.4,Desktop,0
S02345,2.67,Desktop,1
S02346,0.54,Mobile,0
S02347,0.99,Mobile,0
S02348,1.37,Desktop,0
S02349,2.47,Mobile,0
S02350,5.96,Desktop,0
S02351,0.9,Mobile,0
S02352,6.67,Desktop,0
S02353,2.07,Mobile,1
S02354,1.55,Desktop,0
S02355,0.61,Mobile,0
S02356,0.44,Mobile,0
S02357,2.5,Mobile,0
S02358,2.14,Desktop,0
S02359,2.69,Desktop,0
S02360,1.25,Mobile,0
S02361,1.17,Desktop,0
S02362,2.0,Desktop,0
S02363,0.48,Desktop,0
S02364,0.68,Mobile,0
S02365,1.56,Mobile,1
S02366,2.09,Desktop,0
S02367,3.16,Mobile,0
S02368,1.14,Desktop,0
S02369,0.98,Desktop,0
S02370,0.78,Desktop,0
S02371,1.38,Mobile,1
S02372,7.58,Desktop,0
S02373,1.66,Mobile,0
S02374,3.22,Desktop,0
S02375,0.8,Desktop,1
S02376,1.25,Desktop,0
S02377,2.13,Mobile,0
S02378,0.72,Desktop,0
S02379,3.01,Desktop,0
S02380,1.84,Mobile,0
S02381,1.95,Mobile,0
S02382,0.62,Mobile,0
S02383,5.46,Mobile,0
S02384,0.45,Mobile,0
S02385,0.42,Desktop,0
S02386,0.47,Mobile,0
S02387,1.44,Mobile,0
S02388,1.34,Mobile,0
S02389,4.32,Mobile,0
S02390,1.0,Mobile,0
S02391,0.92,Desktop,1
S02392,1.98,Desktop,1
S02393,1.41,Mobile,0
S02394,2.1,Mobile,0
S02395,1.94,Desktop,0
S02396,2.22,Desktop,0
S02397,1.93,Desktop,0
S02398,0.41,Mobile,0
S02399,1.12,Desktop,1
S02400,1.11,Desktop,0
S02401,2.05,Mobile,0
S02402,2.78,Desktop,0
S02403,2.71,Mobile,0
S02404,2.74,Desktop,1
S02405,3.17,Mobile,0
S02406,1.07,Desktop,0
S02407,8.41,Mobile,0
S02408,0.46,Desktop,0
S02409,2.6,Mobile,0
S02410,1.46,Desktop,0
S02411,1.17,Desktop,0
S02412,1.95,Desktop,1
S02413,0.93,Desktop,0
S02414,2.88,Mobile,0
S02415,6.65,Mobile,0
S02416,0.9,Desktop,1
S02417,0.55,Desktop,0
S02418,0.99,Desktop,0
S02419,1.43,Desktop,1
S02420,0.68,Mobile,0
S02421,1.31,Desktop,0
S02422,0.98,Mobile,0
S02423,3.0,Mobile,0
S02424,2.11,Desktop,0
S02425,1.01,Mobile,0
S02426,0.61,Mobile,0
S02427,1.13,Desktop,1
S02428,7.38,Mobile,0
S02429,0.49,Mobile,0
S02430,0.5,Desktop,1
S02431,0.86,Desktop,0
S02432,0.6,Mobile,0
S02433,1.72,Mobile,0
S02434,1.79,Mobile,0
S02435,3.26,Desktop,0
S02436,0.54,Desktop,0
S02437,3.03,Mobile,0
S02438,1.69,Mobile,0
S02439,2.34,Desktop,0
S02440,2.29,Desktop,0
S02441,0.93,Desktop,0
S02442,2.11,Mobile,0
S02443,0.47,Mobile,0
S02444,1.34,Desktop,0
S02445,1.25,Desktop,0
S02446,1.95,Mobile,0
S02447,2.1,Mobile,0
S02448,1.57,Desktop,1
S02449,0.89,Mobile,1
S02450,0.64,Desktop,0
S02451,4.91,Desktop,0
S02452,2.94,Desktop,0
S02453,1.73,Desktop,0
S02454,1.05,Desktop,0
S02455,1.18,Desktop,0
S02456,0.57,Mobile,0
S02457,2.15,Mobile,1
S02458,0.71,Mobile,0
S02459,0.92,Mobile,0
S02460,1.03,Mobile,0
S02461,2.38,Desktop,1
S02462,0.8,Mobile,0
S02463,5.36,Desktop,0
S02464,2.17,Mobile,0
S02465,2.82,Mobile,0
S02466,2.78,Desktop,0
S02467,0.95,Desktop,0
S02468,1.74,Desktop,0
S02469,2.87,Desktop,0
S02470,4.0,Desktop,0
S02471,1.13,Desktop,1
S02472,2.39,Mobile,1
S02473,0.67,Desktop,0
S02474,1.13,Desktop,0
S02475,1.91,Mobile,0
S02476,1.68,Mobile,0
S02477,0.98,Mobile,0
S02478,0.98,Desktop,0
S02479,0.64,Desktop,0
S02480,0.5,Mobile,0
S02481,1.85,Mobile,0
S02482,0.58,Mobile,1
S02483,1.62,Desktop,1
S02484,3.45,Desktop,0
S02485,3.82,Desktop,0
S02486,1.26,Mobile,0
S02487,0.46,Desktop,0
S02488,0.82,Mobile,0
S02489,3.36,Desktop,0
S02490,3.61,Mobile,0
S02491,2.3,Mobile,0
S02492,1.2,Mobile,0
S02493,5.15,Mobile,0
S02494,0.49,Mobile,1
S02495,2.6,Mobile,0
S02496,1.07,Mobile,0
S02497,2.43,Desktop,0
S02498,2.21,Mobile,0
S02499,2.26,Mobile,0
S02500,0.97,Mobile,0
S02501,3.11,Desktop,0
S02502,2.05,Mobile,0
S02503,3.05,Mobile,0
S02504,1.19,Desktop,0
S02505,0.64,Desktop,0
S02506,1.75,Mobile,0
S02507,0.73,Desktop,0
S02508,1.91,Desktop,0
S02509,2.21,Mobile,0
S02510,0.89,Mobile,0
S02511,0.9,Desktop,1
S02512,0.73,Desktop,0
S02513,0.57,Mobile,0
S02514,1.04,Desktop,0
S02515,3.76,Desktop,1
S02516,5.61,Desktop,0
S02517,2.47,Mobile,0
S02518,1.08,Desktop,0
S02519,2.88,Desktop,0
S02520,0.97,Mobile,0
S02521,1.92,Desktop,0
S02522,1.64,Desktop,0
S02523,0.46,Desktop,0
S02524,2.25,Mobile,1
S02525,2.99,Desktop,0
S02526,0.58,Desktop,0
S02527,3.48,Mobile,0
S02528,0.86,Mobile,0
S02529,1.04,Mobile,0
S02530,0.45,Mobile,0
S02531,0.58,Desktop,0
S02532,0.42,Desktop,0
S02533,1.78,Mobile,1
S02534,1.49,Mobile,0
S02535,0.42,Mobile,0
S02536,1.85,Desktop,0
S02537,0.77,Desktop,0
S02538,0.93,Mobile,0
S02539,2.46,Desktop,0
S02540,2.41,Mobile,0
S02541,1.04,Mobile,0
S02542,0.98,Desktop,0
S02543,2.56,Mobile,0
S02544,0.65,Desktop,0
S02545,6.27,Desktop,0
S02546,0.93,Mobile,0
S02547,1.23,Desktop,0
S02548,2.14,Mobile,0
S02549,4.19,Desktop,0
S02550,1.91,Desktop,0
S02551,1.45,Mobile,0
S02552,0.85,Mobile,0
S02553,0.5,Desktop,0
S02554,0.88,Mobile,0
S02555,4.41,Desktop,0
S02556,8.92,Desktop,0
S02557,1.74,Mobile,0
S02558,1.32,Desktop,0
S02559,3.32,Desktop,0
S02560,1.91,Desktop,0
S02561,1.47,Desktop,0
S02562,0.73,Mobile,0
S02563,1.07,Desktop,0
S02564,0.51,Mobile,0
S02565,1.98,Mobile,0
S02566,2.12,Desktop,0
S02567,0.54,Desktop,0
S02568,0.93,Mobile,0
S02569,1.85,Mobile,0
S02570,0.99,Mobile,1
S02571,1.4,Mobile,0
S02572,0.88,Desktop,0
S02573,2.28,Desktop,0
S02574,2.12,Desktop,0
S02575,1.66,Desktop,0
S02576,1.74,Mobile,0
S02577,2.7,Mobile,1
S02578,1.61,Desktop,0
S02579,1.28,Desktop,0
S02580,0.54,Desktop,1
S02581,0.52,Mobile,0
S02582,3.41,Desktop,0
S02583,0.98,Desktop,0
S02584,0.94,Desktop,0
S02585,0.52,Mobile,0
S02586,0.41,Desktop,0
S02587,0.59,Mobile,0
S02588,1.18,Mobile,0
S02589,1.74,Mobile,0
S02590,1.23,Desktop,0
S02591,0.68,Desktop,0
S02592,1.24,Desktop,0
S02593,1.54,Mobile,0
S02594,1.17,Mobile,0
S02595,2.86,Mobile,0
S02596,1.69,Desktop,0
S02597,1.5,Desktop,0
S02598,2.91,Desktop,0
S02599,1.96,Desktop,1
S02600,2.48,Desktop,0
S02601,5.01,Mobile,0
S02602,1.26,Desktop,0
S02603,2.79,Desktop,0
S02604,0.63,Mobile,0
S02605,3.15,Mobile,0
S02606,0.59,Mobile,0
S02607,2.78,Mobile,0
S02608,0.69,Desktop,0
S02609,0.77,Desktop,0
S02610,0.85,Desktop,0
S02611,1.93,Mobile,1
S02612,2.88,Desktop,0
S02613,1.52,Desktop,0
S02614,1.13,Desktop,0
S02615,1.19,Desktop,0
S02616,0.76,Mobile,0
S02617,2.46,Mobile,1
S02618,2.55,Mobile,0
S02619,0.74,Desktop,0
S02620,5.11,Mobile,0
S02621,3.29,Mobile,0
S02622,0.57,Desktop,1
S02623,2.12,Desktop,0
S02624,0.79,Mobile,0
S02625,0.52,Desktop,0
S02626,0.89,Mobile,1
S02627,0.45,Desktop,0
S02628,2.95,Mobile,0
S02629,0.44,Desktop,0
S02630,0.78,Mobile,0
S02631,1.27,Desktop,1
S02632,1.27,Desktop,0
S02633,0.47,Desktop,0
S02634,2.89,Desktop,0
S02635,2.74,Mobile,0
S02636,1.41,Mobile,0
S02637,2.38,Desktop,0
S02638,0.43,Desktop,0
S02639,3.11,Desktop,0
S02640,1.78,Mobile,0
S02641,3.44,Mobile,0
S02642,1.85,Desktop,0
S02643,0.62,Desktop,0
S02644,3.61,Desktop,0
S02645,2.21,Desktop,0
S02646,4.21,Mobile,0
S02647,4.71,Desktop,0
S02648,1.87,Mobile,1
S02649,4.91,Mobile,0
S02650,0.79,Desktop,0
S02651,0.51,Desktop,0
S02652,1.1,Desktop,1
S02653,0.59,Mobile,0
S02654,4.22,Mobile,0
S02655,0.63,Desktop,0
S02656,3.87,Desktop,0
S02657,2.11,Mobile,0
S02658,2.05,Mobile,0
S02659,3.5,Desktop,0
S02660,2.45,Desktop,0
S02661,1.81,Mobile,0
S02662,0.51,Desktop,0
S02663,2.06,Mobile,0
S02664,1.46,Desktop,0
S02665,0.73,Mobile,0
S02666,0.88,Desktop,0
S02667,3.53,Mobile,0
S02668,1.11,Mobile,0
S02669,2.24,Desktop,0
S02670,1.28,Desktop,0
S02671,0.43,Mobile,0
S02672,0.57,Desktop,0
S02673,6.49,Desktop,0
S02674,2.04,Desktop,0
S02675,0.92,Desktop,1
S02676,0.5,Desktop,0
S02677,0.71,Mobile,1
S02678,0.82,Mobile,0
S02679,1.02,Mobile,0
S02680,4.45,Mobile,0
S02681,0.58,Desktop,0
S02682,1.69,Desktop,1
S02683,1.03,Mobile,0
S02684,1.01,Desktop,0
S02685,2.2,Mobile,0
S02686,0.43,Mobile,0
S02687,1.03,Mobile,0
S02688,1.2,Mobile,0
S02689,0.8,Mobile,0
S02690,0.46,Mobile,0
S02691,1.34,Desktop,0
S02692,0.66,Mobile,0
S02693,7.19,Mobile,0
S02694,0.69,Desktop,0
S02695,1.9,Desktop,0
S02696,1.53,Mobile,0
S02697,2.07,Mobile,0
S02698,1.05,Desktop,0
S02699,3.18,Mobile,0
S02700,2.1,Desktop,0
S02701,1.78,Desktop,0
S02702,1.66,Desktop,0
S02703,0.51,Mobile,0
S02704,1.94,Desktop,0
S02705,3.23,Mobile,0
S02706,2.39,Mobile,1
S02707,0.44,Desktop,0
S02708,0.95,Desktop,0
S02709,0.66,Mobile,0
S02710,2.31,Mobile,0
S02711,3.72,Desktop,0
S02712,2.16,Desktop,1
S02713,0.57,Mobile,0
S02714,1.45,Desktop,0
S02715,1.06,Mobile,0
S02716,2.33,Desktop,0
S02717,2.37,Desktop,0
S02718,2.36,Mobile,0
S02719,0.54,Desktop,0
S02720,2.69,Desktop,0
S02721,0.44,Mobile,0
S02722,0.83,Mobile,0
S02723,4.27,Mobile,1
S02724,0.9,Mobile,1
S02725,1.11,Mobile,0
S02726,2.93,Mobile,0
S02727,0.47,Desktop,1
S02728,0.8,Mobile,1
S02729,1.09,Mobile,0
S02730,1.6,Mobile,1
S02731,1.17,Desktop,0
S02732,1.16,Desktop,0
S02733,0.93,Mobile,0
S02734,4.47,Mobile,0
S02735,3.86,Mobile,0
S02736,1.05,Desktop,0
S02737,1.26,Desktop,0
S02738,0.95,Desktop,0
S02739,1.47,Mobile,1
S02740,1.16,Mobile,1
S02741,1.75,Desktop,1
S02742,3.61,Desktop,0
S02743,3.43,Mobile,0
S02744,1.07,Desktop,1
S02745,0.68,Desktop,1
S02746,0.8,Desktop,0
S02747,0.58,Mobile,0
S02748,2.43,Desktop,0
S02749,2.13,Mobile,0
S02750,1.3,Mobile,0
S02751,1.74,Desktop,0
S02752,0.51,Desktop,1
S02753,0.48,Desktop,0
S02754,0.77,Desktop,0
S02755,0.53,Mobile,1
S02756,2.13,Mobile,0
S02757,2.64,Desktop,0
S02758,0.69,Mobile,0
S02759,1.26,Desktop,0
S02760,3.15,Desktop,0
S02761,9.5,Mobile,0
S02762,1.54,Desktop,0
S02763,1.64,Desktop,0
S02764,1.72,Mobile,0
S02765,1.19,Mobile,0
S02766,2.35,Desktop,0
S02767,3.72,Mobile,0
S02768,0.94,Desktop,0
S02769,3.04,Mobile,1
S02770,3.59,Desktop,0
S02771,1.38,Mobile,1
S02772,4.06,Mobile,0
S02773,3.04,Mobile,0
S02774,0.97,Mobile,1
S02775,1.04,Desktop,1
S02776,1.76,Mobile,0
S02777,0.95,Mobile,0
S02778,1.14,Desktop,0
S02779,0.62,Mobile,0
S02780,3.23,Desktop,0
S02781,0.83,Mobile,1
S02782,0.42,Desktop,1
S02783,2.07,Mobile,0
S02784,0.76,Desktop,0
S02785,9.31,Desktop,0
S02786,0.5,Desktop,1
S02787,3.5,Desktop,0
S02788,0.62,Mobile,0
S02789,2.15,Mobile,0
S02790,3.55,Mobile,0
S02791,3.22,Mobile,0
S02792,1.72,Mobile,0
S02793,2.57,Desktop,0
S02794,0.67,Mobile,0
S02795,2.96,Desktop,0
S02796,0.76,Desktop,0
S02797,0.58,Desktop,0
S02798,0.41,Mobile,0
S02799,2.43,Mobile,0
S02800,5.73,Desktop,0
S02801,1.6,Mobile,0
S02802,0.91,Desktop,0
S02803,4.15,Desktop,0
S02804,4.42,Desktop,0
S02805,1.27,Desktop,1
S02806,0.57,Mobile,0
S02807,0.58,Mobile,0
S02808,2.03,Mobile,1
S02809,2.0,Desktop,0
S02810,0.67,Desktop,0
S02811,1.44,Desktop,0
S02812,3.27,Mobile,0
S02813,3.17,Mobile,0
S02814,5.04,Mobile,0
S02815,1.73,Desktop,0
S02816,1.9,Mobile,0
S02817,0.48,Desktop,0
S02818,4.91,Mobile,0
S02819,3.7,Mobile,0
S02820,1.55,Desktop,0
S02821,1.31,Mobile,0
S02822,3.63,Mobile,0
S02823,5.28,Desktop,0
S02824,0.43,Desktop,0
S02825,1.71,Mobile,0
S02826,3.3,Desktop,0
S02827,4.47,Desktop,0
S02828,0.98,Mobile,0
S02829,4.21,Desktop,0
S02830,2.67,Desktop,0
S02831,0.86,Mobile,0
S02832,0.49,Mobile,0
S02833,1.6,Desktop,0
S02834,2.35,Desktop,0
S02835,3.25,Mobile,0
S02836,0.77,Mobile,0
S02837,3.56,Desktop,0
S02838,0.95,Desktop,0
S02839,2.39,Desktop,0
S02840,2.21,Mobile,0
S02841,1.82,Mobile,0
S02842,0.87,Desktop,1
S02843,5.3,Mobile,0
S02844,1.78,Desktop,0
S02845,0.58,Mobile,0
S02846,1.45,Desktop,0
S02847,0.89,Desktop,0
S02848,1.18,Desktop,0
S02849,1.12,Mobile,0
S02850,0.55,Mobile,0
S02851,0.41,Desktop,0
S02852,3.37,Mobile,0
S02853,1.66,Mobile,0
S02854,0.96,Mobile,0
S02855,4.26,Desktop,0
S02856,2.5,Desktop,0
S02857,5.34,Desktop,0
S02858,1.46,Desktop,0
S02859,0.51,Desktop,0
S02860,1.55,Mobile,0
S02861,1.63,Desktop,0
S02862,1.09,Desktop,0
S02863,0.84,Mobile,0
S02864,0.73,Desktop,0
S02865,6.23,Desktop,0
S02866,1.77,Mobile,0
S02867,0.82,Desktop,0
S02868,0.81,Desktop,1
S02869,1.3,Desktop,0
S02870,0.5,Desktop,0
S02871,1.02,Mobile,0
S02872,3.34,Desktop,0
S02873,0.41,Mobile,0
S02874,1.13,Desktop,0
S02875,0.66,Desktop,0
S02876,0.84,Mobile,1
S02877,2.33,Desktop,0
S02878,0.78,Desktop,0
S02879,1.24,Mobile,1
S02880,2.71,Mobile,0
S02881,1.2,Desktop,0
S02882,0.69,Mobile,0
S02883,2.45,Desktop,0
S02884,2.64,Mobile,0
S02885,1.09,Mobile,0
S02886,0.42,Mobile,1
S02887,0.97,Mobile,0
S02888,0.48,Desktop,0
S02889,1.13,Desktop,0
S02890,0.65,Desktop,0
S02891,4.46,Mobile,0
S02892,3.29,Desktop,0
S02893,3.72,Mobile,0
S02894,1.14,Desktop,0
S02895,3.01,Mobile,0
S02896,2.32,Desktop,0
S02897,0.63,Desktop,1
S02898,1.18,Mobile,1
S02899,0.73,Desktop,1
S02900,1.8,Mobile,0
S02901,0.53,Desktop,1
S02902,0.62,Mobile,0
S02903,3.98,Desktop,0
S02904,2.22,Desktop,0
S02905,1.42,Desktop,0
S02906,1.61,Desktop,0
S02907,4.37,Mobile,0
S02908,1.17,Mobile,0
S02909,4.54,Mobile,0
S02910,3.68,Desktop,0
S02911,2.19,Desktop,0
S02912,2.46,Mobile,1
S02913,1.74,Mobile,0
S02914,0.77,Desktop,0
S02915,2.77,Desktop,0
S02916,0.65,Desktop,0
S02917,1.84,Desktop,0
S02918,1.31,Desktop,0
S02919,1.61,Mobile,0
S02920,5.11,Mobile,0
S02921,1.34,Mobile,0
S02922,2.3,Desktop,0
S02923,0.42,Mobile,0
S02924,1.04,Desktop,0
S02925,0.6,Desktop,0
S02926,0.96,Mobile,0
S02927,2.12,Desktop,0
S02928,1.26,Desktop,0
S02929,3.61,Mobile,0
S02930,2.06,Mobile,1
S02931,1.37,Mobile,0
S02932,2.15,Mobile,1
S02933,3.24,Desktop,0
S02934,3.66,Mobile,0
S02935,0.74,Mobile,0
S02936,2.21,Mobile,0
S02937,1.41,Mobile,0
S02938,0.55,Mobile,0
S02939,2.03,Desktop,0
S02940,3.07,Mobile,0
S02941,0.73,Desktop,0
S02942,0.96,Desktop,0
S02943,0.77,Desktop,0
S02944,1.26,Desktop,0
S02945,1.31,Mobile,0
S02946,1.42,Mobile,0
S02947,1.87,Mobile,0
S02948,0.41,Desktop,1
S02949,0.86,Desktop,0
S02950,5.99,Desktop,0
S02951,3.49,Desktop,0
S02952,1.64,Desktop,0
S02953,2.1,Desktop,0
S02954,0.65,Mobile,1
S02955,1.88,Mobile,0
S02956,6.62,Mobile,0
S02957,1.72,Desktop,0
S02958,2.49,Desktop,0
S02959,0.82,Desktop,0
S02960,1.84,Desktop,0
S02961,2.62,Mobile,0
S02962,0.84,Mobile,0
S02963,1.59,Desktop,0
S02964,1.48,Mobile,0
S02965,1.6,Mobile,0
S02966,0.94,Mobile,0
S02967,0.94,Desktop,0
S02968,0.71,Mobile,0
S02969,0.93,Mobile,1
S02970,0.52,Mobile,0
S02971,1.68,Mobile,0
S02972,0.54,Desktop,1
S02973,2.47,Mobile,0
S02974,5.25,Mobile,0
S02975,0.5,Desktop,0
S02976,0.62,Desktop,0
S02977,1.27,Mobile,0
S02978,3.57,Desktop,0
S02979,2.72,Mobile,0
S02980,0.91,Mobile,0
S02981,1.17,Mobile,0
S02982,10.95,Mobile,0
S02983,0.66,Desktop,0
S02984,2.95,Mobile,0
S02985,0.53,Mobile,0
S02986,9.73,Desktop,0
S02987,1.66,Mobile,0
S02988,0.86,Desktop,1
S02989,1.5,Mobile,0
S02990,2.44,Mobile,0
S02991,0.69,Desktop,0
S02992,1.3,Mobile,1
S02993,2.9,Mobile,0
S02994,0.69,Desktop,0
S02995,0.53,Desktop,0
S02996,4.11,Desktop,1
S02997,6.87,Mobile,0
S02998,2.73,Mobile,0
S02999,1.72,Mobile,1
S03000,1.09,Mobile,0
S03001,0.64,Desktop,0
S03002,4.64,Desktop,0
S03003,3.02,Desktop,0
S03004,0.55,Mobile,0
S03005,0.67,Desktop,0
S03006,2.74,Mobile,0
S03007,1.67,Mobile,0
S03008,0.97,Desktop,0
S03009,0.98,Desktop,0
S03010,3.44,Mobile,0
S03011,3.29,Mobile,0
S03012,2.2,Desktop,0
S03013,2.03,Desktop,0
S03014,1.71,Desktop,0
S03015,0.48,Mobile,0
S03016,1.25,Desktop,0
S03017,3.54,Mobile,0
S03018,1.52,Desktop,0
S03019,0.93,Mobile,1
S03020,2.94,Desktop,0
S03021,4.24,Mobile,0
S03022,0.92,Desktop,0
S03023,2.04,Desktop,1
S03024,1.25,Desktop,0
S03025,2.85,Desktop,0
S03026,1.53,Mobile,0
S03027,0.9,Desktop,1
S03028,0.68,Desktop,0
S03029,3.93,Mobile,0
S03030,1.84,Desktop,0
S03031,1.1,Mobile,0
S03032,2.19,Desktop,0
S03033,1.61,Mobile,0
S03034,1.51,Desktop,0
S03035,0.84,Desktop,0
S03036,1.88,Desktop,0
S03037,1.98,Desktop,0
S03038,0.51,Desktop,0
S03039,0.49,Mobile,0
S03040,2.31,Desktop,0
S03041,3.46,Mobile,0
S03042,2.71,Desktop,0
S03043,2.13,Desktop,0
S03044,1.25,Desktop,0
S03045,1.67,Mobile,0
S03046,0.43,Mobile,0
S03047,0.63,Desktop,1
S03048,0.55,Mobile,1
S03049,3.23,Desktop,0
S03050,0.99,Mobile,0
S03051,0.72,Desktop,1
S03052,4.12,Desktop,0
S03053,2.34,Desktop,0
S03054,0.92,Mobile,0
S03055,6.33,Mobile,0
S03056,1.2,Desktop,0
S03057,0.43,Desktop,1
S03058,0.4,Mobile,0
S03059,1.6,Desktop,0
S03060,2.46,Mobile,0
S03061,2.01,Desktop,0
S03062,1.1,Desktop,0
S03063,0.56,Desktop,0
S03064,1.77,Desktop,0
S03065,1.45,Desktop,0
S03066,0.57,Desktop,0
S03067,0.65,Desktop,0
S03068,2.16,Desktop,0
S03069,0.57,Desktop,0
S03070,0.44,Desktop,0
S03071,1.65,Mobile,0
S03072,1.35,Desktop,0
S03073,3.8,Desktop,0
S03074,1.65,Mobile,0
S03075,0.45,Mobile,0
S03076,0.55,Mobile,0
S03077,2.07,Desktop,0
S03078,2.56,Mobile,0
S03079,0.99,Desktop,0
S03080,2.88,Mobile,0
S03081,0.93,Mobile,0
S03082,0.56,Desktop,0
S03083,1.21,Mobile,0
S03084,1.08,Desktop,0
S03085,1.19,Mobile,0
S03086,2.67,Desktop,0
S03087,2.81,Mobile,0
S03088,0.71,Mobile,0
S03089,1.09,Desktop,0
S03090,1.61,Desktop,0
S03091,0.48,Desktop,0
S03092,1.02,Desktop,0
S03093,2.54,Mobile,0
S03094,1.49,Desktop,0
S03095,0.89,Mobile,1
S03096,0.66,Desktop,0
S03097,1.01,Mobile,0
S03098,1.57,Desktop,0
S03099,1.0,Desktop,0
S03100,1.04,Desktop,0
S03101,2.09,Desktop,0
S03102,1.2,Desktop,1
S03103,0.91,Desktop,0
S03104,0.55,Mobile,0
S03105,0.55,Desktop,0
S03106,0.75,Desktop,1
S03107,0.54,Desktop,0
S03108,2.87,Mobile,0
S03109,0.66,Mobile,0
S03110,0.92,Mobile,0
S03111,1.42,Mobile,1
S03112,3.49,Desktop,1
S03113,3.03,Desktop,0
S03114,1.73,Desktop,0
S03115,0.51,Desktop,0
S03116,1.21,Mobile,0
S03117,0.84,Desktop,1
S03118,1.35,Mobile,0
S03119,0.79,Desktop,0
S03120,1.07,Desktop,0
S03121,1.56,Mobile,0
S03122,4.77,Mobile,0
S03123,1.15,Desktop,0
S03124,0.54,Desktop,1
S03125,0.57,Desktop,0
S03126,2.74,Desktop,0
S03127,1.49,Desktop,0
S03128,2.08,Mobile,0
S03129,1.38,Mobile,0
S03130,5.01,Desktop,0
S03131,2.72,Mobile,0
S03132,0.71,Mobile,0
S03133,1.41,Desktop,0
S03134,0.57,Desktop,0
S03135,1.08,Mobile,0
S03136,2.06,Desktop,0
S03137,1.86,Mobile,0
S03138,3.57,Mobile,0
S03139,0.5,Desktop,0
S03140,1.74,Desktop,1
S03141,2.29,Desktop,0
S03142,0.9,Desktop,0
S03143,0.47,Desktop,1
S03144,0.54,Mobile,0
S03145,1.06,Desktop,0
S03146,1.91,Desktop,0
S03147,0.77,Mobile,0
S03148,1.23,Desktop,0
S03149,0.75,Desktop,0
S03150,4.91,Desktop,0
S03151,2.07,Mobile,0
S03152,1.12,Desktop,0
S03153,1.08,Desktop,0
S03154,1.96,Desktop,0
S03155,0.84,Desktop,0
S03156,1.01,Mobile,0
S03157,0.93,Mobile,0
S03158,3.08,Mobile,0
S03159,2.21,Desktop,0
S03160,2.9,Mobile,0
S03161,0.51,Mobile,0
S03162,1.41,Desktop,0
S03163,2.29,Mobile,0
S03164,1.03,Desktop,0
S03165,1.68,Desktop,0
S03166,2.96,Mobile,0
S03167,2.33,Desktop,0
S03168,0.97,Mobile,0
S03169,3.04,Mobile,0
S03170,4.75,Desktop,0
S03171,0.4,Desktop,1
S03172,1.85,Desktop,0
S03173,1.79,Desktop,1
S03174,3.61,Desktop,0
S03175,0.44,Desktop,0
S03176,2.82,Desktop,0
S03177,0.47,Desktop,1
S03178,8.45,Desktop,0
S03179,1.25,Desktop,0
S03180,0.71,Desktop,0
S03181,0.64,Desktop,0
S03182,0.69,Desktop,0
S03183,1.43,Mobile,0
S03184,2.8,Desktop,1
S03185,6.99,Mobile,0
S03186,1.26,Desktop,1
S03187,0.75,Desktop,0
S03188,2.97,Mobile,0
S03189,0.96,Desktop,0
S03190,0.6,Desktop,0
S03191,1.19,Desktop,0
S03192,1.32,Mobile,0
S03193,0.92,Mobile,0
S03194,1.08,Desktop,0
S03195,1.22,Desktop,0
S03196,1.28,Desktop,0
S03197,1.61,Desktop,1
S03198,1.5,Desktop,0
S03199,1.47,Desktop,1
S03200,0.46,Desktop,0
S03201,1.81,Mobile,0
S03202,0.76,Desktop,0
S03203,2.3,Mobile,0
S03204,4.04,Desktop,0
S03205,1.8,Desktop,0
S03206,1.93,Desktop,0
S03207,1.13,Desktop,0
S03208,5.56,Desktop,0
S03209,1.91,Desktop,0
S03210,0.45,Mobile,0
S03211,0.93,Desktop,0
S03212,1.07,Desktop,1
S03213,1.91,Desktop,0
S03214,1.7,Mobile,0
S03215,0.7,Mobile,0
S03216,0.86,Desktop,0
S03217,4.05,Desktop,0
S03218,0.47,Desktop,0
S03219,0.97,Mobile,0
S03220,0.92,Mobile,0
S03221,1.04,Mobile,0
S03222,1.68,Mobile,0
S03223,0.51,Mobile,0
S03224,0.73,Desktop,1
S03225,1.8,Desktop,0
S03226,0.75,Desktop,1
S03227,4.14,Desktop,0
S03228,1.58,Desktop,1
S03229,1.54,Mobile,0
S03230,4.84,Desktop,0
S03231,4.32,Mobile,0
S03232,5.06,Desktop,0
S03233,0.85,Desktop,0
S03234,0.55,Desktop,1
S03235,1.79,Desktop,0
S03236,0.44,Mobile,1
S03237,3.68,Mobile,0
S03238,4.05,Mobile,0
S03239,1.18,Desktop,0
S03240,3.49,Desktop,1
S03241,0.63,Desktop,0
S03242,2.21,Mobile,0
S03243,1.41,Desktop,0
S03244,3.5,Desktop,0
S03245,1.13,Desktop,0
S03246,1.88,Desktop,0
S03247,1.52,Desktop,0
S03248,0.54,Desktop,0
S03249,3.69,Mobile,0
S03250,3.16,Desktop,0
S03251,2.78,Mobile,0
S03252,1.13,Mobile,1
S03253,0.57,Mobile,1
S03254,1.5,Mobile,0
S03255,1.41,Desktop,0
S03256,0.45,Mobile,0
S03257,2.01,Desktop,0
S03258,5.99,Mobile,0
S03259,1.6,Desktop,1
S03260,0.74,Desktop,0
S03261,0.46,Mobile,0
S03262,0.53,Mobile,1
S03263,2.62,Mobile,0
S03264,0.94,Desktop,0
S03265,1.65,Desktop,0
S03266,1.51,Mobile,0
S03267,3.01,Desktop,0
S03268,2.28,Mobile,0
S03269,1.43,Desktop,0
S03270,0.57,Desktop,1
S03271,1.96,Mobile,1
S03272,5.36,Desktop,0
S03273,0.43,Desktop,1
S03274,2.44,Mobile,0
S03275,0.82,Desktop,0
S03276,4.67,Mobile,0
S03277,2.34,Mobile,0
S03278,1.59,Desktop,0
S03279,0.69,Desktop,0
S03280,1.95,Desktop,0
S03281,0.43,Desktop,0
S03282,0.74,Desktop,0
S03283,0.84,Desktop,0
S03284,1.67,Mobile,0
S03285,2.87,Mobile,0
S03286,3.41,Desktop,0
S03287,1.18,Mobile,0
S03288,1.25,Mobile,0
S03289,1.73,Desktop,0
S03290,0.47,Desktop,1
S03291,0.47,Mobile,0
S03292,1.8,Mobile,0
S03293,3.49,Mobile,0
S03294,2.79,Desktop,0
S03295,1.4,Desktop,0
S03296,0.99,Desktop,0
S03297,3.26,Mobile,0
S03298,1.32,Desktop,0
S03299,2.99,Mobile,1
S03300,0.42,Mobile,0
S03301,1.87,Mobile,0
S03302,0.69,Desktop,0
S03303,1.45,Mobile,0
S03304,0.85,Desktop,0
S03305,0.42,Mobile,0
S03306,6.11,Desktop,0
S03307,4.48,Mobile,0
S03308,4.92,Desktop,0
S03309,1.58,Mobile,0
S03310,0.41,Mobile,0
S03311,1.21,Mobile,0
S03312,1.69,Desktop,0
S03313,0.43,Desktop,0
S03314,1.35,Mobile,0
S03315,2.99,Mobile,0
S03316,2.21,Mobile,0
S03317,1.24,Desktop,0
S03318,1.17,Desktop,0
S03319,1.35,Desktop,0
S03320,1.27,Mobile,0
S03321,0.7,Mobile,0
S03322,1.0,Desktop,0
S03323,0.98,Mobile,0
S03324,6.27,Desktop,0
S03325,0.48,Desktop,0
S03326,1.03,Mobile,0
S03327,0.49,Desktop,1
S03328,1.42,Mobile,0
S03329,0.41,Desktop,0
S03330,1.5,Desktop,0
S03331,1.46,Mobile,0
S03332,1.98,Desktop,1
S03333,2.58,Desktop,0
S03334,1.68,Mobile,0
S03335,0.49,Desktop,1
S03336,1.44,Mobile,0
S03337,0.59,Mobile,0
S03338,0.79,Desktop,1
S03339,0.44,Mobile,0
S03340,2.18,Desktop,0
S03341,0.96,Mobile,0
S03342,1.6,Desktop,0
S03343,1.82,Mobile,1
S03344,1.38,Mobile,0
S03345,1.61,Desktop,0
S03346,0.94,Desktop,0
S03347,5.6,Desktop,0
S03348,1.32,Desktop,0
S03349,3.9,Mobile,0
S03350,0.52,Desktop,0
S03351,0.72,Desktop,0
S03352,2.39,Desktop,0
S03353,4.82,Mobile,0
S03354,0.61,Desktop,0
S03355,1.66,Desktop,1
S03356,0.73,Desktop,1
S03357,0.42,Desktop,0
S03358,0.46,Mobile,0
S03359,0.95,Desktop,0
S03360,2.61,Mobile,0
S03361,1.03,Mobile,0
S03362,0.74,Desktop,0
S03363,5.65,Desktop,0
S03364,2.46,Mobile,0
S03365,2.01,Desktop,0
S03366,0.68,Mobile,0
S03367,0.81,Mobile,0
S03368,2.09,Desktop,0
S03369,0.86,Mobile,0
S03370,1.43,Desktop,0
S03371,3.69,Desktop,0
S03372,1.67,Desktop,0
S03373,0.5,Desktop,1
S03374,5.21,Desktop,0
S03375,0.6,Mobile,0
S03376,1.11,Mobile,0
S03377,0.42,Mobile,0
S03378,0.52,Desktop,0
S03379,4.78,Mobile,0
S03380,2.95,Mobile,0
S03381,2.77,Mobile,0
S03382,3.2,Mobile,0
S03383,1.24,Desktop,0
S03384,1.06,Mobile,0
S03385,2.31,Mobile,0
S03386,1.94,Mobile,0
S03387,5.34,Desktop,0
S03388,0.51,Mobile,0
S03389,0.75,Mobile,1
S03390,1.12,Desktop,0
S03391,0.77,Desktop,0
S03392,3.02,Mobile,0
S03393,1.69,Mobile,1
S03394,0.94,Mobile,0
S03395,0.59,Mobile,0
S03396,5.03,Mobile,0
S03397,3.0,Desktop,0
S03398,0.51,Desktop,1
S03399,0.93,Desktop,0
S03400,1.89,Desktop,0
S03401,0.91,Mobile,0
S03402,0.52,Desktop,0
S03403,0.73,Mobile,0
S03404,4.39,Desktop,0
S03405,0.97,Desktop,1
S03406,0.91,Mobile,0
S03407,3.4,Desktop,0
S03408,0.93,Desktop,0
S03409,0.76,Desktop,0
S03410,0.66,Mobile,0
S03411,0.92,Mobile,0
S03412,0.76,Desktop,0
S03413,1.27,Desktop,0
S03414,0.64,Desktop,0
S03415,0.81,Desktop,0
S03416,2.8,Mobile,0
S03417,0.49,Desktop,0
S03418,3.98,Desktop,1
S03419,2.26,Desktop,1
S03420,1.7,Mobile,0
S03421,1.86,Desktop,1
S03422,1.53,Mobile,0
S03423,4.55,Mobile,0
S03424,0.58,Mobile,0
S03425,5.78,Desktop,0
S03426,2.84,Mobile,0
S03427,0.41,Desktop,0
S03428,5.26,Desktop,0
S03429,1.86,Desktop,0
S03430,2.39,Mobile,0
S03431,0.5,Mobile,0
S03432,2.18,Desktop,0
S03433,0.63,Desktop,0
S03434,0.99,Mobile,0
S03435,0.63,Desktop,0
S03436,1.71,Mobile,1
S03437,1.39,Desktop,0
S03438,3.47,Mobile,0
S03439,1.65,Desktop,0
S03440,1.98,Desktop,0
S03441,0.78,Mobile,0
S03442,3.51,Mobile,0
S03443,1.21,Desktop,0
S03444,0.65,Mobile,1
S03445,1.16,Desktop,0
S03446,1.62,Desktop,0
S03447,4.09,Desktop,0
S03448,1.42,Mobile,0
S03449,0.67,Mobile,0
S03450,2.38,Desktop,0
S03451,0.8,Mobile,0
S03452,4.81,Mobile,0
S03453,2.01,Mobile,1
S03454,2.26,Mobile,0
S03455,1.09,Desktop,0
S03456,2.6,Desktop,0
S03457,0.62,Desktop,1
S03458,3.11,Desktop,0
S03459,0.62,Mobile,0
S03460,1.59,Mobile,0
S03461,0.64,Mobile,0
S03462,0.72,Desktop,0
S03463,1.85,Desktop,0
S03464,0.96,Mobile,0
S03465,2.35,Desktop,0
S03466,0.68,Desktop,1
S03467,0.76,Mobile,0
S03468,0.58,Desktop,0
S03469,6.18,Mobile,0
S03470,1.14,Desktop,0
S03471,2.85,Desktop,1
S03472,3.23,Mobile,0
S03473,0.72,Desktop,0
S03474,3.09,Desktop,0
S03475,1.64,Mobile,0
S03476,0.59,Desktop,0
S03477,0.84,Mobile,0
S03478,0.79,Desktop,0
S03479,0.79,Mobile,0
S03480,2.38,Mobile,0
S03481,2.95,Mobile,0
S03482,1.11,Mobile,0
S03483,0.44,Mobile,0
S03484,1.59,Desktop,0
S03485,1.12,Mobile,0
S03486,1.03,Desktop,0
S03487,1.56,Desktop,0
S03488,1.35,Mobile,0
S03489,0.45,Desktop,0
S03490,1.62,Desktop,0
S03491,2.6,Desktop,0
S03492,1.88,Desktop,0
S03493,1.78,Mobile,0
S03494,0.81,Mobile,0
S03495,2.39,Mobile,0
S03496,1.28,Mobile,0
S03497,0.69,Desktop,0
S03498,2.21,Mobile,0
S03499,3.11,Mobile,0
S03500,2.01,Mobile,0
S03501,0.84,Desktop,0
S03502,1.06,Desktop,0
S03503,0.58,Desktop,0
S03504,1.66,Mobile,0
S03505,3.35,Desktop,0
S03506,0.64,Desktop,0
S03507,0.87,Mobile,1
S03508,4.76,Mobile,0
S03509,2.13,Desktop,0
S03510,0.41,Desktop,0
S03511,1.89,Desktop,0
S03512,0.49,Mobile,0
S03513,1.31,Desktop,0
S03514,2.99,Desktop,1
S03515,2.16,Desktop,0
S03516,0.59,Mobile,0
S03517,0.51,Desktop,0
S03518,3.65,Desktop,0
S03519,0.42,Desktop,0
S03520,2.16,Mobile,0
S03521,0.79,Desktop,0
S03522,1.06,Desktop,0
S03523,0.49,Desktop,0
S03524,5.69,Mobile,0
S03525,4.37,Mobile,0
S03526,0.51,Mobile,0
S03527,5.07,Desktop,0
S03528,0.93,Desktop,0
S03529,2.12,Mobile,0
S03530,2.33,Mobile,1
S03531,1.42,Desktop,0
S03532,1.23,Mobile,0
S03533,2.46,Mobile,0
S03534,0.98,Desktop,0
S03535,6.01,Mobile,0
S03536,5.12,Mobile,0
S03537,5.84,Mobile,0
S03538,2.19,Mobile,0
S03539,1.06,Mobile,0
S03540,3.23,Desktop,0
S03541,2.93,Desktop,0
S03542,1.56,Desktop,0
S03543,0.76,Desktop,0
S03544,1.33,Desktop,0
S03545,0.75,Mobile,0
S03546,1.97,Desktop,0
S03547,0.42,Desktop,1
S03548,1.67,Desktop,0
S03549,1.78,Mobile,0
S03550,1.5,Mobile,0
S03551,2.44,Desktop,0
S03552,0.84,Desktop,0
S03553,3.73,Mobile,0
S03554,1.35,Mobile,0
S03555,1.98,Desktop,0
S03556,1.21,Desktop,0
S03557,0.74,Desktop,1
S03558,0.71,Mobile,0
S03559,4.51,Mobile,0
S03560,3.79,Mobile,0
S03561,0.63,Desktop,0
S03562,1.11,Desktop,0
S03563,2.96,Mobile,0
S03564,4.62,Desktop,0
S03565,0.54,Desktop,1
S03566,0.73,Mobile,0
S03567,1.64,Desktop,0
S03568,0.77,Desktop,1
S03569,1.09,Desktop,0
S03570,0.47,Desktop,0
S03571,0.67,Desktop,0
S03572,1.25,Desktop,0
S03573,0.62,Mobile,1
S03574,2.02,Mobile,0
S03575,1.6,Desktop,0
S03576,0.74,Desktop,0
S03577,2.09,Mobile,0
S03578,0.99,Desktop,0
S03579,1.11,Desktop,0
S03580,0.56,Desktop,0
S03581,1.34,Mobile,0
S03582,0.63,Mobile,0
S03583,1.26,Desktop,0
S03584,4.88,Mobile,0
S03585,0.53,Mobile,0
S03586,1.31,Mobile,0
S03587,2.5,Mobile,0
S03588,1.09,Desktop,0
S03589,3.87,Desktop,0
S03590,1.32,Mobile,0
S03591,1.66,Mobile,1
S03592,2.46,Desktop,0
S03593,1.78,Mobile,0
S03594,2.87,Desktop,0
S03595,5.35,Mobile,0
S03596,3.51,Mobile,0
S03597,1.5,Desktop,0
S03598,3.1,Desktop,0
S03599,1.49,Mobile,0
S03600,2.21,Mobile,0
S03601,1.47,Mobile,0
S03602,1.89,Desktop,0
S03603,0.93,Desktop,0
S03604,0.7,Mobile,0
S03605,0.46,Desktop,1
S03606,0.75,Mobile,1
S03607,0.6,Desktop,0
S03608,1.64,Desktop,0
S03609,0.4,Mobile,0
S03610,0.88,Desktop,0
S03611,3.19,Desktop,0
S03612,3.08,Desktop,0
S03613,0.86,Mobile,0
S03614,1.32,Desktop,0
S03615,0.58,Mobile,1
S03616,0.58,Mobile,0
S03617,0.45,Desktop,0
S03618,1.03,Mobile,1
S03619,2.6,Mobile,0
S03620,1.06,Mobile,1
S03621,2.23,Desktop,0
S03622,2.37,Desktop,1
S03623,4.14,Desktop,0
S03624,1.99,Desktop,0
S03625,0.89,Mobile,0
S03626,1.91,Mobile,0
S03627,1.12,Desktop,0
S03628,1.23,Mobile,0
S03629,2.32,Mobile,0
S03630,0.86,Desktop,0
S03631,4.49,Desktop,0
S03632,1.09,Desktop,0
S03633,0.86,Desktop,0
S03634,6.79,Mobile,0
S03635,1.83,Desktop,0
S03636,1.2,Mobile,0
S03637,2.76,Mobile,0
S03638,3.21,Mobile,0
S03639,0.9,Desktop,0
S03640,1.24,Mobile,0
S03641,3.92,Mobile,0
S03642,0.58,Desktop,0
S03643,2.44,Desktop,0
S03644,0.99,Mobile,0
S03645,1.42,Mobile,0
S03646,1.75,Mobile,0
S03647,1.01,Mobile,0
S03648,5.14,Desktop,0
S03649,3.01,Mobile,0
S03650,0.71,Desktop,0
S03651,1.0,Desktop,0
S03652,1.9,Mobile,0
S03653,1.55,Desktop,0
S03654,2.36,Desktop,0
S03655,6.49,Mobile,0
S03656,1.94,Desktop,0
S03657,2.85,Desktop,0
S03658,2.15,Desktop,0
S03659,1.47,Desktop,0
S03660,1.56,Desktop,1
S03661,2.17,Mobile,1
S03662,4.22,Desktop,0
S03663,3.6,Mobile,0
S03664,3.74,Desktop,0
S03665,0.76,Mobile,1
S03666,1.45,Mobile,0
S03667,4.67,Mobile,0
S03668,0.62,Desktop,0
S03669,0.77,Desktop,0
S03670,1.34,Mobile,0
S03671,0.71,Mobile,0
S03672,0.71,Mobile,1
S03673,1.79,Desktop,0
S03674,2.54,Mobile,0
S03675,0.96,Mobile,0
S03676,0.55,Mobile,0
S03677,0.51,Desktop,0
S03678,0.6,Desktop,0
S03679,6.18,Mobile,0
S03680,2.3,Desktop,1
S03681,0.64,Mobile,1
S03682,1.08,Desktop,0
S03683,1.23,Desktop,0
S03684,3.39,Mobile,0
S03685,2.35,Mobile,0
S03686,1.32,Mobile,1
S03687,7.21,Desktop,0
S03688,1.29,Desktop,0
S03689,2.64,Desktop,0
S03690,1.92,Desktop,0
S03691,0.56,Desktop,1
S03692,1.82,Desktop,0
S03693,3.2,Mobile,0
S03694,2.07,Desktop,1
S03695,1.83,Mobile,0
S03696,1.25,Mobile,0
S03697,0.52,Mobile,0
S03698,4.08,Desktop,0
S03699,0.98,Desktop,0
S03700,1.8,Desktop,0
S03701,0.99,Desktop,0
S03702,1.69,Mobile,0
S03703,0.76,Mobile,0
S03704,0.6,Mobile,0
S03705,0.79,Mobile,1
S03706,0.76,Mobile,0
S03707,1.87,Desktop,0
S03708,0.87,Mobile,0
S03709,3.63,Desktop,0
S03710,1.93,Mobile,0
S03711,0.94,Desktop,0
S03712,0.87,Mobile,0
S03713,0.43,Desktop,0
S03714,1.91,Desktop,0
S03715,0.77,Mobile,0
S03716,0.71,Desktop,0
S03717,0.67,Desktop,0
S03718,4.27,Desktop,0
S03719,0.55,Desktop,1
S03720,1.64,Mobile,0
S03721,2.84,Desktop,0
S03722,2.82,Mobile,1
S03723,4.13,Desktop,0
S03724,3.75,Mobile,0
S03725,1.14,Desktop,1
S03726,2.44,Desktop,0
S03727,1.23,Desktop,0
S03728,0.45,Desktop,0
S03729,3.01,Mobile,0
S03730,2.58,Mobile,0
S03731,0.68,Desktop,0
S03732,2.88,Mobile,0
S03733,0.8,Desktop,0
S03734,0.61,Desktop,0
S03735,0.61,Desktop,0
S03736,0.43,Desktop,0
S03737,2.5,Mobile,0
S03738,0.55,Mobile,0
S03739,4.21,Desktop,0
S03740,7.01,Desktop,0
S03741,0.49,Mobile,0
S03742,1.29,Desktop,1
S03743,0.55,Mobile,0
S03744,0.82,Mobile,1
S03745,1.9,Desktop,0
S03746,3.99,Desktop,0
S03747,0.84,Mobile,0
S03748,0.8,Desktop,1
S03749,0.63,Desktop,0
S03750,2.82,Mobile,0
S03751,2.4,Desktop,0
S03752,1.16,Desktop,0
S03753,0.98,Mobile,0
S03754,1.43,Desktop,0
S03755,1.21,Desktop,0
S03756,0.82,Desktop,0
S03757,6.0,Desktop,0
S03758,0.69,Mobile,0
S03759,2.1,Mobile,0
S03760,1.7,Desktop,1
S03761,0.72,Desktop,0
S03762,2.05,Desktop,0
S03763,1.29,Desktop,0
S03764,1.17,Desktop,0
S03765,1.66,Desktop,0
S03766,2.78,Desktop,0
S03767,2.86,Desktop,0
S03768,1.18,Desktop,0
S03769,4.7,Mobile,0
S03770,1.44,Desktop,0
S03771,0.79,Desktop,0
S03772,2.25,Desktop,0
S03773,1.22,Desktop,0
S03774,2.91,Desktop,0
S03775,1.88,Mobile,0
S03776,4.65,Desktop,0
S03777,0.65,Mobile,0
S03778,1.34,Mobile,0
S03779,0.63,Mobile,0
S03780,0.71,Mobile,0
S03781,6.2,Desktop,0
S03782,0.59,Mobile,0
S03783,0.61,Mobile,0
S03784,4.37,Desktop,0
S03785,0.49,Desktop,0
S03786,0.63,Mobile,0
S03787,1.11,Desktop,0
S03788,0.91,Desktop,1
S03789,1.23,Desktop,0
S03790,0.6,Mobile,0
S03791,1.41,Desktop,0
S03792,6.99,Desktop,0
S03793,1.22,Mobile,0
S03794,0.64,Mobile,0
S03795,1.0,Mobile,0
S03796,2.71,Mobile,0
S03797,2.8,Mobile,0
S03798,2.74,Mobile,0
S03799,0.87,Mobile,0
S03800,2.79,Desktop,0
S03801,5.12,Mobile,0
S03802,0.42,Mobile,0
S03803,2.29,Mobile,0
S03804,1.44,Mobile,0
S03805,1.25,Desktop,0
S03806,0.76,Desktop,0
S03807,3.72,Desktop,0
S03808,1.38,Desktop,0
S03809,0.91,Desktop,0
S03810,1.67,Mobile,0
S03811,4.24,Mobile,0
S03812,1.39,Mobile,0
S03813,0.75,Desktop,0
S03814,1.82,Desktop,0
S03815,2.0,Mobile,0
S03816,0.61,Mobile,0
S03817,0.57,Mobile,0
S03818,0.63,Mobile,0
S03819,3.29,Desktop,0
S03820,1.33,Desktop,0
S03821,2.87,Mobile,0
S03822,1.22,Desktop,0
S03823,4.64,Mobile,0
S03824,0.64,Desktop,0
S03825,1.29,Desktop,0
S03826,3.81,Mobile,1
S03827,1.38,Desktop,1
S03828,0.93,Mobile,0
S03829,1.46,Desktop,0
S03830,0.73,Desktop,0
S03831,1.92,Desktop,0
S03832,0.65,Desktop,0
S03833,2.15,Desktop,0
S03834,3.98,Desktop,0
S03835,0.48,Desktop,0
S03836,1.31,Desktop,0
S03837,2.64,Desktop,1
S03838,4.66,Desktop,1
S03839,4.71,Desktop,0
S03840,4.68,Mobile,0
S03841,2.83,Desktop,0
S03842,0.96,Mobile,0
S03843,1.88,Mobile,0
S03844,2.01,Desktop,1
S03845,0.45,Mobile,0
S03846,1.15,Desktop,0
S03847,0.84,Mobile,1
S03848,1.53,Mobile,0
S03849,0.47,Desktop,1
S03850,0.85,Desktop,0
S03851,1.44,Desktop,0
S03852,1.99,Mobile,0
S03853,2.83,Desktop,0
S03854,0.98,Desktop,0
S03855,6.04,Desktop,0
S03856,0.48,Mobile,0
S03857,0.5,Desktop,0
S03858,2.77,Desktop,0
S03859,0.9,Mobile,0
S03860,0.4,Desktop,0
S03861,0.45,Mobile,0
S03862,0.56,Desktop,0
S03863,0.97,Mobile,0
S03864,1.31,Desktop,0
S03865,1.37,Mobile,0
S03866,3.37,Mobile,0
S03867,1.7,Mobile,0
S03868,2.82,Desktop,0
S03869,2.82,Desktop,0
S03870,4.73,Desktop,0
S03871,0.85,Mobile,0
S03872,1.24,Desktop,0
S03873,1.73,Mobile,0
S03874,4.32,Mobile,0
S03875,3.27,Mobile,0
S03876,2.02,Mobile,0
S03877,1.61,Mobile,0
S03878,2.19,Mobile,0
S03879,1.39,Desktop,0
S03880,0.57,Desktop,0
S03881,0.9,Desktop,1
S03882,1.62,Mobile,0
S03883,0.99,Mobile,0
S03884,2.32,Desktop,0
S03885,2.87,Desktop,0
S03886,3.84,Desktop,0
S03887,1.91,Desktop,0
S03888,0.83,Mobile,0
S03889,1.38,Mobile,0
S03890,3.65,Desktop,0
S03891,2.29,Desktop,0
S03892,1.41,Mobile,0
S03893,1.66,Desktop,0
S03894,0.86,Mobile,0
S03895,1.52,Desktop,1
S03896,6.57,Desktop,0
S03897,4.82,Mobile,0
S03898,1.18,Mobile,0
S03899,1.06,Mobile,0
S03900,1.54,Desktop,0
S03901,2.66,Mobile,0
S03902,0.46,Desktop,0
S03903,1.78,Mobile,0
S03904,6.67,Desktop,0
S03905,0.66,Mobile,0
S03906,3.62,Desktop,0
S03907,1.83,Desktop,1
S03908,4.63,Desktop,0
S03909,7.55,Mobile,0
S03910,1.35,Desktop,0
S03911,4.97,Mobile,0
S03912,4.24,Mobile,0
S03913,2.27,Desktop,0
S03914,0.41,Desktop,0
S03915,2.92,Desktop,0
S03916,2.23,Desktop,0
S03917,3.42,Desktop,0
S03918,0.73,Desktop,0
S03919,1.28,Desktop,0
S03920,1.83,Desktop,0
S03921,6.59,Mobile,0
S03922,0.45,Mobile,0
S03923,1.17,Mobile,0
S03924,2.13,Mobile,0
S03925,0.93,Desktop,1
S03926,1.28,Mobile,0
S03927,0.49,Desktop,0
S03928,0.76,Desktop,0
S03929,1.15,Desktop,0
S03930,0.89,Desktop,0
S03931,1.74,Desktop,0
S03932,0.45,Desktop,0
S03933,1.26,Mobile,0
S03934,0.6,Mobile,0
S03935,1.4,Desktop,0
S03936,2.98,Desktop,0
S03937,0.41,Mobile,0
S03938,2.28,Desktop,0
S03939,2.04,Mobile,1
S03940,0.79,Mobile,0
S03941,2.96,Mobile,0
S03942,1.76,Desktop,0
S03943,1.25,Mobile,0
S03944,0.53,Mobile,0
S03945,3.43,Mobile,0
S03946,1.26,Mobile,0
S03947,1.16,Mobile,0
S03948,3.73,Desktop,0
S03949,2.48,Mobile,0
S03950,1.79,Mobile,0
S03951,0.71,Mobile,1
S03952,1.81,Mobile,0
S03953,0.85,Desktop,1
S03954,1.25,Desktop,1
S03955,6.21,Mobile,0
S03956,1.78,Desktop,0
S03957,3.33,Mobile,0
S03958,1.54,Desktop,0
S03959,1.16,Mobile,1
S03960,3.55,Desktop,1
S03961,1.79,Mobile,0
S03962,3.98,Mobile,0
S03963,1.11,Desktop,0
S03964,3.47,Desktop,0
S03965,0.78,Desktop,0
S03966,0.96,Mobile,0
S03967,3.03,Mobile,0
S03968,1.62,Desktop,0
S03969,0.47,Mobile,0
S03970,2.1,Desktop,0
S03971,3.4,Mobile,0
S03972,4.17,Desktop,0
S03973,1.84,Desktop,0
S03974,0.65,Mobile,0
S03975,1.95,Desktop,1
S03976,0.66,Desktop,0
S03977,4.26,Mobile,0
S03978,0.41,Desktop,0
S03979,1.96,Desktop,0
S03980,1.93,Desktop,1
S03981,1.96,Desktop,0
S03982,1.03,Desktop,0
S03983,1.79,Mobile,1
S03984,1.02,Desktop,0
S03985,2.19,Desktop,0
S03986,0.43,Desktop,0
S03987,1.87,Desktop,0
S03988,2.87,Mobile,0
S03989,0.5,Desktop,0
S03990,1.77,Mobile,0
S03991,2.04,Desktop,0
S03992,5.54,Mobile,0
S03993,1.52,Mobile,0
S03994,0.72,Desktop,0
S03995,1.0,Desktop,1
S03996,2.72,Desktop,0
S03997,2.45,Desktop,1
S03998,2.55,Desktop,0
S03999,1.48,Mobile,0
S04000,1.32,Desktop,1
S04001,2.21,Mobile,0
S04002,5.28,Desktop,0
S04003,0.93,Mobile,0
S04004,3.67,Desktop,0
S04005,2.34,Desktop,0
S04006,1.72,Mobile,1
S04007,1.11,Desktop,0
S04008,1.96,Mobile,0
S04009,2.98,Mobile,0
S04010,0.45,Mobile,0
S04011,1.93,Desktop,0
S04012,1.2,Mobile,0
S04013,2.52,Mobile,0
S04014,1.53,Mobile,0
S04015,5.51,Desktop,0
S04016,1.86,Mobile,0
S04017,1.81,Mobile,0
S04018,2.53,Mobile,0
S04019,4.67,Desktop,0
S04020,2.31,Desktop,0
S04021,4.57,Mobile,0
S04022,5.28,Desktop,0
S04023,0.9,Desktop,1
S04024,0.95,Desktop,0
S04025,0.88,Mobile,0
S04026,3.11,Desktop,0
S04027,2.73,Desktop,0
S04028,0.62,Mobile,0
S04029,1.56,Mobile,0
S04030,1.29,Desktop,0
S04031,1.39,Desktop,0
S04032,3.97,Desktop,0
S04033,2.96,Desktop,1
S04034,1.16,Desktop,1
S04035,1.42,Mobile,0
S04036,1.24,Mobile,0
S04037,1.09,Desktop,0
S04038,0.89,Mobile,0
S04039,2.0,Desktop,0
S04040,2.2,Desktop,0
S04041,1.62,Desktop,0
S04042,0.81,Desktop,0
S04043,4.56,Mobile,0
S04044,0.75,Desktop,0
S04045,0.52,Desktop,0
S04046,0.47,Desktop,0
S04047,4.53,Mobile,0
S04048,3.01,Desktop,0
S04049,3.95,Desktop,0
S04050,3.7,Desktop,0
S04051,6.18,Mobile,0
S04052,2.58,Mobile,0
S04053,3.2,Desktop,0
S04054,1.16,Desktop,0
S04055,0.76,Desktop,0
S04056,4.63,Mobile,0
S04057,6.18,Desktop,0
S04058,0.44,Desktop,0
S04059,0.49,Mobile,0
S04060,1.61,Desktop,0
S04061,0.93,Mobile,0
S04062,2.84,Mobile,1
S04063,1.76,Desktop,0
S04064,5.39,Desktop,0
S04065,1.0,Desktop,0
S04066,1.82,Mobile,0
S04067,0.61,Mobile,0
S04068,1.85,Desktop,0
S04069,3.1,Mobile,0
S04070,1.46,Mobile,1
S04071,4.63,Desktop,0
S04072,1.66,Mobile,0
S04073,5.9,Mobile,0
S04074,0.44,Mobile,0
S04075,0.77,Desktop,1
S04076,1.28,Desktop,0
S04077,0.56,Desktop,0
S04078,2.07,Desktop,0
S04079,3.82,Desktop,0
S04080,0.4,Mobile,0
S04081,1.02,Mobile,0
S04082,0.56,Mobile,0
S04083,1.25,Desktop,0
S04084,1.1,Desktop,0
S04085,6.6,Desktop,0
S04086,0.68,Mobile,0
S04087,2.71,Desktop,0
S04088,4.16,Desktop,0
S04089,1.01,Desktop,1
S04090,0.99,Desktop,0
S04091,2.85,Desktop,0
S04092,3.37,Desktop,0
S04093,0.91,Mobile,0
S04094,0.54,Mobile,0
S04095,0.62,Desktop,0
S04096,2.4,Mobile,0
S04097,1.31,Mobile,0
S04098,0.59,Desktop,0
S04099,16.38,Desktop,0
S04100,1.53,Mobile,0
S04101,3.82,Desktop,0
S04102,2.72,Desktop,0
S04103,5.44,Mobile,0
S04104,2.14,Mobile,0
S04105,0.82,Desktop,0
S04106,0.78,Mobile,0
S04107,1.54,Mobile,0
S04108,1.19,Mobile,0
S04109,0.57,Mobile,0
S04110,0.84,Desktop,0
S04111,0.47,Mobile,1
S04112,1.03,Desktop,0
S04113,1.6,Mobile,0
S04114,2.19,Mobile,0
S04115,0.47,Mobile,0
S04116,1.48,Mobile,0
S04117,2.0,Mobile,0
S04118,0.75,Desktop,0
S04119,3.87,Desktop,0
S04120,4.02,Mobile,0
S04121,2.23,Desktop,0
S04122,3.58,Mobile,0
S04123,0.78,Mobile,0
S04124,1.33,Desktop,0
S04125,2.28,Mobile,0
S04126,2.16,Desktop,0
S04127,1.62,Desktop,0
S04128,1.31,Desktop,1
S04129,0.52,Mobile,0
S04130,2.69,Desktop,0
S04131,0.83,Mobile,0
S04132,1.88,Desktop,0
S04133,3.17,Mobile,0
S04134,0.52,Mobile,0
S04135,0.81,Mobile,0
S04136,3.47,Mobile,0
S04137,1.59,Desktop,0
S04138,2.64,Desktop,0
S04139,1.65,Desktop,0
S04140,1.36,Desktop,0
S04141,2.13,Mobile,0
S04142,1.78,Mobile,0
S04143,1.89,Desktop,0
S04144,1.09,Mobile,0
S04145,1.43,Desktop,0
S04146,2.23,Desktop,0
S04147,0.78,Desktop,0
S04148,1.7,Desktop,0
S04149,1.13,Desktop,0
S04150,1.78,Mobile,0
S04151,0.57,Mobile,0
S04152,0.44,Desktop,1
S04153,2.28,Mobile,1
S04154,0.87,Desktop,0
S04155,0.64,Desktop,0
S04156,0.67,Mobile,0
S04157,1.58,Desktop,0
S04158,0.57,Desktop,0
S04159,0.92,Desktop,0
S04160,0.42,Mobile,0
S04161,0.45,Mobile,1
S04162,0.77,Mobile,0
S04163,2.11,Desktop,0
S04164,1.63,Mobile,0
S04165,1.67,Desktop,1
S04166,1.04,Desktop,0
S04167,1.05,Desktop,0
S04168,2.18,Desktop,1
S04169,0.55,Mobile,0
S04170,4.35,Desktop,0
S04171,0.64,Mobile,1
S04172,2.95,Desktop,0
S04173,2.69,Desktop,0
S04174,1.27,Mobile,0
S04175,4.22,Mobile,0
S04176,0.57,Desktop,1
S04177,4.82,Mobile,0
S04178,0.83,Desktop,0
S04179,9.52,Desktop,0
S04180,1.0,Mobile,0
S04181,0.91,Mobile,0
S04182,5.75,Mobile,0
S04183,2.09,Mobile,0
S04184,0.56,Mobile,1
S04185,3.31,Desktop,0
S04186,0.63,Desktop,1
S04187,0.97,Mobile,0
S04188,1.37,Mobile,0
S04189,1.85,Desktop,0
S04190,2.02,Desktop,0
S04191,2.57,Desktop,0
S04192,0.89,Desktop,0
S04193,1.07,Desktop,0
S04194,2.81,Desktop,0
S04195,0.61,Mobile,0
S04196,6.06,Mobile,0
S04197,0.41,Desktop,0
S04198,5.8,Mobile,0
S04199,0.96,Mobile,0
S04200,3.21,Mobile,0
S04201,1.12,Desktop,0
S04202,0.76,Desktop,0
S04203,0.77,Mobile,1
S04204,2.14,Desktop,0
S04205,1.51,Mobile,0
S04206,2.07,Desktop,0
S04207,1.68,Mobile,0
S04208,3.04,Desktop,0
S04209,1.1,Mobile,0
S04210,1.77,Mobile,0
S04211,1.5,Desktop,0
S04212,2.95,Mobile,1
S04213,0.63,Desktop,0
S04214,0.8,Desktop,0
S04215,0.96,Desktop,0
S04216,0.65,Mobile,0
S04217,0.46,Desktop,0
S04218,2.35,Desktop,0
S04219,2.83,Mobile,0
S04220,2.44,Desktop,0
S04221,0.95,Desktop,0
S04222,0.63,Desktop,0
S04223,0.5,Mobile,0
S04224,7.42,Desktop,0
S04225,1.69,Mobile,0
S04226,1.64,Mobile,0
S04227,1.89,Mobile,0
S04228,1.86,Desktop,1
S04229,1.75,Mobile,0
S04230,1.27,Desktop,0
S04231,5.24,Desktop,0
S04232,1.67,Desktop,0
S04233,1.64,Mobile,0
S04234,0.53,Desktop,0
S04235,0.54,Desktop,1
S04236,0.8,Desktop,0
S04237,0.5,Desktop,0
S04238,1.07,Desktop,0
S04239,0.78,Mobile,0
S04240,0.73,Desktop,0
S04241,0.74,Mobile,0
S04242,4.57,Desktop,0
S04243,2.62,Desktop,0
S04244,1.41,Mobile,0
S04245,2.65,Mobile,0
S04246,5.72,Desktop,0
S04247,1.48,Desktop,0
S04248,1.84,Mobile,0
S04249,3.75,Mobile,0
S04250,0.76,Mobile,0
S04251,2.03,Mobile,0
S04252,3.84,Desktop,0
S04253,3.3,Desktop,0
S04254,0.55,Desktop,0
S04255,0.52,Mobile,0
S04256,0.54,Desktop,1
S04257,0.53,Mobile,0
S04258,0.85,Mobile,0
S04259,7.88,Desktop,0
S04260,0.59,Mobile,0
S04261,2.39,Desktop,0
S04262,2.63,Desktop,0
S04263,1.56,Desktop,0
S04264,1.82,Desktop,0
S04265,4.6,Mobile,0
S04266,0.74,Mobile,1
S04267,0.48,Desktop,1
S04268,1.71,Desktop,0
S04269,1.64,Mobile,0
S04270,0.92,Desktop,0
S04271,3.15,Desktop,0
S04272,1.56,Desktop,0
S04273,2.42,Desktop,0
S04274,2.62,Desktop,0
S04275,0.77,Desktop,0
S04276,0.74,Mobile,0
S04277,0.68,Mobile,0
S04278,0.94,Desktop,0
S04279,0.88,Mobile,0
S04280,0.48,Mobile,1
S04281,0.52,Desktop,1
S04282,1.19,Desktop,1
S04283,1.52,Desktop,1
S04284,2.95,Mobile,1
S04285,2.34,Mobile,0
S04286,1.3,Mobile,0
S04287,4.65,Mobile,0
S04288,1.37,Mobile,0
S04289,0.66,Mobile,0
S04290,2.63,Mobile,0
S04291,1.88,Mobile,0
S04292,0.57,Desktop,0
S04293,0.61,Mobile,0
S04294,0.72,Mobile,0
S04295,6.22,Desktop,0
S04296,0.97,Desktop,1
S04297,1.46,Desktop,0
S04298,0.83,Desktop,0
S04299,1.0,Desktop,0
S04300,5.03,Desktop,0
S04301,3.08,Mobile,0
S04302,2.23,Desktop,0
S04303,3.95,Mobile,0
S04304,0.61,Mobile,0
S04305,6.44,Mobile,0
S04306,2.6,Mobile,0
S04307,0.5,Desktop,1
S04308,0.42,Mobile,1
S04309,1.54,Desktop,0
S04310,1.32,Desktop,0
S04311,0.97,Desktop,0
S04312,0.87,Mobile,0
S04313,2.11,Desktop,0
S04314,0.99,Mobile,0
S04315,1.12,Desktop,0
S04316,1.81,Desktop,1
S04317,0.49,Desktop,0
S04318,1.5,Mobile,0
S04319,0.97,Desktop,0
S04320,1.81,Desktop,0
S04321,1.26,Mobile,0
S04322,2.1,Mobile,0
S04323,0.51,Desktop,0
S04324,3.34,Desktop,0
S04325,8.87,Mobile,0
S04326,5.06,Desktop,0
S04327,0.8,Mobile,0
S04328,1.66,Desktop,1
S04329,1.03,Mobile,0
S04330,2.68,Desktop,0
S04331,0.46,Mobile,0
S04332,0.45,Mobile,0
S04333,1.33,Desktop,0
S04334,3.84,Mobile,0
S04335,3.03,Mobile,0
S04336,1.29,Mobile,0
S04337,2.89,Mobile,0
S04338,2.68,Desktop,0
S04339,1.15,Desktop,0
S04340,2.8,Mobile,0
S04341,0.71,Mobile,1
S04342,0.8,Desktop,1
S04343,1.01,Mobile,1
S04344,1.62,Desktop,0
S04345,2.67,Mobile,0
S04346,2.31,Desktop,0
S04347,2.42,Mobile,0
S04348,5.92,Mobile,0
S04349,1.56,Desktop,0
S04350,0.48,Desktop,0
S04351,3.78,Mobile,0
S04352,1.83,Desktop,0
S04353,0.41,Desktop,0
S04354,0.71,Desktop,1
S04355,0.73,Mobile,0
S04356,1.03,Desktop,0
S04357,1.52,Desktop,0
S04358,0.6,Desktop,0
S04359,1.32,Mobile,1
S04360,0.63,Mobile,0
S04361,1.37,Mobile,0
S04362,1.92,Mobile,1
S04363,2.7,Mobile,0
S04364,2.51,Mobile,0
S04365,0.72,Mobile,1
S04366,1.27,Mobile,1
S04367,1.21,Mobile,0
S04368,2.36,Mobile,1
S04369,1.68,Desktop,0
S04370,0.54,Mobile,0
S04371,0.76,Mobile,0
S04372,4.48,Desktop,0
S04373,1.29,Desktop,1
S04374,2.53,Desktop,0
S04375,1.53,Mobile,0
S04376,0.87,Desktop,0
S04377,1.22,Mobile,0
S04378,1.54,Mobile,0
S04379,0.52,Mobile,0
S04380,10.62,Mobile,0
S04381,0.43,Desktop,0
S04382,0.7,Desktop,0
S04383,2.54,Desktop,0
S04384,1.01,Mobile,0
S04385,1.84,Desktop,0
S04386,0.61,Desktop,0
S04387,1.66,Desktop,0
S04388,0.65,Mobile,0
S04389,0.81,Desktop,0
S04390,2.06,Desktop,0
S04391,1.83,Desktop,1
S04392,1.37,Desktop,1
S04393,1.08,Desktop,0
S04394,0.6,Desktop,1
S04395,1.85,Mobile,0
S04396,2.58,Mobile,0
S04397,0.48,Desktop,0
S04398,2.47,Desktop,0
S04399,7.99,Desktop,0
S04400,0.47,Desktop,0
S04401,0.51,Desktop,0
S04402,4.41,Desktop,0
S04403,3.53,Mobile,0
S04404,3.06,Mobile,0
S04405,5.49,Mobile,0
S04406,0.78,Mobile,0
S04407,0.54,Desktop,0
S04408,0.79,Desktop,1
S04409,2.49,Mobile,1
S04410,1.12,Mobile,0
S04411,4.02,Desktop,0
S04412,0.48,Mobile,1
S04413,1.53,Desktop,0
S04414,2.77,Mobile,0
S04415,0.56,Mobile,0
S04416,1.53,Mobile,0
S04417,1.68,Mobile,0
S04418,2.03,Desktop,0
S04419,4.82,Desktop,0
S04420,2.57,Mobile,0
S04421,0.99,Desktop,0
S04422,1.01,Mobile,0
S04423,0.79,Mobile,0
S04424,0.92,Mobile,0
S04425,2.97,Mobile,0
S04426,3.24,Desktop,0
S04427,0.5,Mobile,0
S04428,1.63,Desktop,1
S04429,1.38,Desktop,0
S04430,1.11,Mobile,0
S04431,0.62,Mobile,0
S04432,2.66,Mobile,0
S04433,0.46,Desktop,0
S04434,1.57,Desktop,0
S04435,0.7,Mobile,0
S04436,1.64,Desktop,0
S04437,1.52,Desktop,0
S04438,0.47,Desktop,0
S04439,0.76,Desktop,0
S04440,1.85,Mobile,0
S04441,2.59,Desktop,0
S04442,3.18,Desktop,0
S04443,1.47,Mobile,0
S04444,2.81,Mobile,1
S04445,15.27,Desktop,0
S04446,3.9,Mobile,0
S04447,5.31,Desktop,0
S04448,4.75,Mobile,0
S04449,1.43,Desktop,1
S04450,1.87,Mobile,0
S04451,0.81,Mobile,0
S04452,1.25,Mobile,0
S04453,0.7,Desktop,0
S04454,1.18,Mobile,0
S04455,1.07,Desktop,0
S04456,1.62,Desktop,0
S04457,2.5,Desktop,1
S04458,2.3,Mobile,0
S04459,1.03,Mobile,0
S04460,1.43,Mobile,0
S04461,0.97,Desktop,1
S04462,1.95,Desktop,0
S04463,0.78,Desktop,0
S04464,1.14,Mobile,0
S04465,3.63,Mobile,0
S04466,0.58,Mobile,0
S04467,0.91,Desktop,0
S04468,1.76,Desktop,0
S04469,3.34,Desktop,0
S04470,1.54,Desktop,0
S04471,2.07,Mobile,0
S04472,6.78,Desktop,0
S04473,5.74,Desktop,0
S04474,0.59,Desktop,0
S04475,1.74,Desktop,0
S04476,2.22,Desktop,0
S04477,0.79,Desktop,0
S04478,3.31,Desktop,0
S04479,1.22,Desktop,0
S04480,0.82,Desktop,0
S04481,3.05,Mobile,1
S04482,3.1,Mobile,0
S04483,1.16,Mobile,0
S04484,2.3,Desktop,0
S04485,2.33,Desktop,0
S04486,1.92,Desktop,0
S04487,0.56,Mobile,0
S04488,1.78,Desktop,0
S04489,1.35,Desktop,0
S04490,0.92,Desktop,0
S04491,0.43,Desktop,0
S04492,2.18,Desktop,0
S04493,0.47,Mobile,0
S04494,0.53,Desktop,0
S04495,1.17,Desktop,0
S04496,0.82,Desktop,0
S04497,3.15,Desktop,0
S04498,4.43,Mobile,0
S04499,1.92,Desktop,0
S04500,0.47,Desktop,1
S04501,2.11,Desktop,0
S04502,5.47,Desktop,0
S04503,3.38,Desktop,0
S04504,1.61,Desktop,0
S04505,4.38,Desktop,0
S04506,1.18,Desktop,1
S04507,1.3,Mobile,0
S04508,1.51,Desktop,0
S04509,0.65,Mobile,1
S04510,1.06,Desktop,1
S04511,2.56,Desktop,0
S04512,0.62,Desktop,0
S04513,1.52,Mobile,0
S04514,2.16,Desktop,0
S04515,1.71,Desktop,0
S04516,1.42,Mobile,0
S04517,0.56,Desktop,0
S04518,1.33,Desktop,0
S04519,2.02,Desktop,0
S04520,1.42,Desktop,0
S04521,0.54,Desktop,0
S04522,0.74,Desktop,0
S04523,3.56,Desktop,0
S04524,3.43,Desktop,0
S04525,1.38,Desktop,0
S04526,2.34,Desktop,0
S04527,0.97,Desktop,0
S04528,6.66,Mobile,0
S04529,2.82,Desktop,0
S04530,2.85,Desktop,0
S04531,0.94,Desktop,0
S04532,1.53,Mobile,0
S04533,3.1,Desktop,0
S04534,0.7,Mobile,0
S04535,1.09,Desktop,0
S04536,1.85,Desktop,0
S04537,0.85,Mobile,1
S04538,1.43,Desktop,0
S04539,0.86,Mobile,0
S04540,3.2,Desktop,0
S04541,1.03,Desktop,0
S04542,0.4,Desktop,0
S04543,0.9,Desktop,0
S04544,2.66,Mobile,0
S04545,1.11,Desktop,0
S04546,2.08,Desktop,0
S04547,1.4,Desktop,0
S04548,3.12,Mobile,1
S04549,0.52,Mobile,0
S04550,2.84,Mobile,0
S04551,4.43,Desktop,0
S04552,0.65,Mobile,0
S04553,0.72,Desktop,0
S04554,2.24,Desktop,0
S04555,0.98,Desktop,0
S04556,3.16,Desktop,0
S04557,1.02,Mobile,0
S04558,3.4,Desktop,0
S04559,3.47,Desktop,0
S04560,0.77,Desktop,0
S04561,1.2,Mobile,0
S04562,1.96,Desktop,0
S04563,2.06,Mobile,0
S04564,0.43,Mobile,0
S04565,3.64,Desktop,0
S04566,3.29,Desktop,0
S04567,1.03,Desktop,1
S04568,1.64,Mobile,1
S04569,1.02,Desktop,0
S04570,2.73,Desktop,0
S04571,0.59,Mobile,0
S04572,2.45,Desktop,0
S04573,0.52,Mobile,0
S04574,0.53,Desktop,0
S04575,0.95,Mobile,1
S04576,3.86,Mobile,0
S04577,0.76,Mobile,0
S04578,1.75,Mobile,0
S04579,3.89,Mobile,0
S04580,1.1,Desktop,0
S04581,0.51,Desktop,0
S04582,0.42,Desktop,0
S04583,1.98,Desktop,0
S04584,0.44,Mobile,0
S04585,3.02,Desktop,0
S04586,0.72,Desktop,1
S04587,4.95,Mobile,0
S04588,2.22,Desktop,0
S04589,1.33,Mobile,0
S04590,1.59,Desktop,0
S04591,0.68,Desktop,0
S04592,1.92,Desktop,0
S04593,0.72,Desktop,0
S04594,1.45,Mobile,0
S04595,0.46,Mobile,0
S04596,2.89,Mobile,0
S04597,0.88,Desktop,0
S04598,1.94,Mobile,0
S04599,2.7,Mobile,0
S04600,2.07,Desktop,0
S04601,3.46,Desktop,0
S04602,1.4,Mobile,0
S04603,1.34,Desktop,0
S04604,0.55,Desktop,1
S04605,2.39,Mobile,0
S04606,1.21,Mobile,0
S04607,1.27,Desktop,0
S04608,2.25,Mobile,0
S04609,1.17,Desktop,0
S04610,0.45,Desktop,1
S04611,2.48,Desktop,0
S04612,2.34,Mobile,0
S04613,0.97,Desktop,0
S04614,2.5,Desktop,0
S04615,0.8,Desktop,0
S04616,0.65,Desktop,0
S04617,2.0,Desktop,0
S04618,0.82,Desktop,1
S04619,0.78,Desktop,0
S04620,0.51,Desktop,1
S04621,0.77,Mobile,0
S04622,0.87,Desktop,0
S04623,1.69,Desktop,0
S04624,0.5,Mobile,0
S04625,1.23,Desktop,1
S04626,1.16,Desktop,0
S04627,1.9,Desktop,0
S04628,5.53,Mobile,0
S04629,0.48,Desktop,0
S04630,2.22,Desktop,1
S04631,4.69,Desktop,0
S04632,0.64,Desktop,0
S04633,0.51,Desktop,0
S04634,1.94,Mobile,0
S04635,2.22,Desktop,0
S04636,2.94,Mobile,0
S04637,0.55,Desktop,0
S04638,1.76,Mobile,0
S04639,1.19,Mobile,0
S04640,2.98,Desktop,0
S04641,0.69,Desktop,1
S04642,0.44,Desktop,0
S04643,0.71,Mobile,0
S04644,1.55,Mobile,1
S04645,1.27,Mobile,0
S04646,3.77,Mobile,0
S04647,2.86,Desktop,0
S04648,2.91,Desktop,0
S04649,1.1,Mobile,0
S04650,1.43,Mobile,0
S04651,1.27,Mobile,0
S04652,1.21,Desktop,0
S04653,0.6,Mobile,1
S04654,4.91,Desktop,0
S04655,3.73,Mobile,0
S04656,1.07,Desktop,0
S04657,2.14,Desktop,0
S04658,0.73,Desktop,0
S04659,1.26,Desktop,1
S04660,1.12,Mobile,0
S04661,4.33,Mobile,0
S04662,1.97,Desktop,0
S04663,1.74,Desktop,0
S04664,1.35,Mobile,0
S04665,1.34,Desktop,0
S04666,1.48,Mobile,0
S04667,0.51,Mobile,0
S04668,2.18,Mobile,0
S04669,0.69,Mobile,1
S04670,0.76,Desktop,0
S04671,1.36,Desktop,0
S04672,0.6,Desktop,0
S04673,1.33,Mobile,0
S04674,0.46,Mobile,0
S04675,0.5,Desktop,0
S04676,1.25,Desktop,0
S04677,0.74,Mobile,0
S04678,2.13,Mobile,0
S04679,10.89,Mobile,0
S04680,3.41,Mobile,0
S04681,0.85,Desktop,0
S04682,1.19,Mobile,0
S04683,1.21,Mobile,0
S04684,0.84,Mobile,0
S04685,3.51,Mobile,0
S04686,0.57,Mobile,0
S04687,0.77,Mobile,0
S04688,1.17,Desktop,1
S04689,1.11,Desktop,0
S04690,4.45,Desktop,0
S04691,3.12,Desktop,0
S04692,1.77,Mobile,0
S04693,6.53,Mobile,0
S04694,3.8,Desktop,0
S04695,1.03,Mobile,0
S04696,1.32,Mobile,0
S04697,2.76,Mobile,0
S04698,2.83,Desktop,0
S04699,2.15,Mobile,0
S04700,0.53,Desktop,0
S04701,0.81,Desktop,0
S04702,2.11,Desktop,0
S04703,0.93,Desktop,0
S04704,1.81,Mobile,1
S04705,5.53,Desktop,0
S04706,2.7,Desktop,0
S04707,0.95,Mobile,0
S04708,1.72,Desktop,0
S04709,0.91,Mobile,0
S04710,3.24,Mobile,0
S04711,6.02,Mobile,0
S04712,2.52,Mobile,0
S04713,4.43,Desktop,0
S04714,1.33,Desktop,0
S04715,3.4,Mobile,0
S04716,0.93,Desktop,0
S04717,0.94,Mobile,0
S04718,1.18,Mobile,0
S04719,4.06,Desktop,0
S04720,0.78,Desktop,0
S04721,2.55,Mobile,0
S04722,2.71,Mobile,0
S04723,0.47,Mobile,0
S04724,1.58,Desktop,0
S04725,1.38,Mobile,0
S04726,2.25,Desktop,0
S04727,0.79,Desktop,0
S04728,1.45,Desktop,0
S04729,3.44,Mobile,0
S04730,3.57,Desktop,0
S04731,2.62,Desktop,0
S04732,1.45,Desktop,1
S04733,2.3,Desktop,0
S04734,2.15,Desktop,0
S04735,1.65,Desktop,1
S04736,0.86,Desktop,0
S04737,0.95,Mobile,1
S04738,1.17,Desktop,0
S04739,6.36,Mobile,0
S04740,2.14,Mobile,0
S04741,2.24,Desktop,0
S04742,0.78,Mobile,0
S04743,4.39,Desktop,0
S04744,0.53,Mobile,0
S04745,4.46,Desktop,0
S04746,3.8,Mobile,0
S04747,1.69,Desktop,1
S04748,1.68,Desktop,0
S04749,1.44,Mobile,0
S04750,1.52,Desktop,0
S04751,2.84,Desktop,0
S04752,1.47,Desktop,0
S04753,1.65,Desktop,0
S04754,4.17,Mobile,0
S04755,3.44,Desktop,0
S04756,1.05,Mobile,0
S04757,2.79,Mobile,0
S04758,1.95,Desktop,0
S04759,1.27,Mobile,0
S04760,0.5,Desktop,0
S04761,1.21,Mobile,0
S04762,2.95,Mobile,0
S04763,1.06,Desktop,0
S04764,0.54,Desktop,1
S04765,1.08,Desktop,1
S04766,1.36,Desktop,0
S04767,1.14,Desktop,0
S04768,0.48,Mobile,0
S04769,2.58,Desktop,0
S04770,0.76,Mobile,0
S04771,3.45,Mobile,0
S04772,1.88,Mobile,0
S04773,1.37,Mobile,0
S04774,1.02,Desktop,0
S04775,3.63,Desktop,0
S04776,0.65,Desktop,0
S04777,0.42,Mobile,0
S04778,3.94,Desktop,0
S04779,0.44,Mobile,0
S04780,4.04,Mobile,0
S04781,3.18,Desktop,0
S04782,0.78,Desktop,0
S04783,2.5,Mobile,0
S04784,0.47,Mobile,0
S04785,5.53,Desktop,0
S04786,0.47,Desktop,0
S04787,3.11,Mobile,1
S04788,2.11,Mobile,0
S04789,1.71,Desktop,0
S04790,2.75,Desktop,0
S04791,1.41,Desktop,0
S04792,0.66,Mobile,0
S04793,1.22,Desktop,1
S04794,0.97,Desktop,0
S04795,0.46,Desktop,0
S04796,1.76,Desktop,0
S04797,3.45,Desktop,1
S04798,0.51,Desktop,0
S04799,3.88,Mobile,0
S04800,0.91,Mobile,0
S04801,0.56,Desktop,0
S04802,4.83,Mobile,0
S04803,1.68,Mobile,0
S04804,0.95,Desktop,0
S04805,0.7,Desktop,0
S04806,0.53,Desktop,0
S04807,1.44,Desktop,0
S04808,0.66,Mobile,0
S04809,0.6,Mobile,0
S04810,1.53,Desktop,0
S04811,3.27,Desktop,0
S04812,0.42,Desktop,0
S04813,0.74,Mobile,1
S04814,0.95,Desktop,0
S04815,0.8,Mobile,0
S04816,1.13,Mobile,0
S04817,2.94,Mobile,0
S04818,0.83,Desktop,0
S04819,0.46,Desktop,0
S04820,2.32,Mobile,0
S04821,0.77,Desktop,0
S04822,1.03,Desktop,0
S04823,1.82,Mobile,0
S04824,2.32,Mobile,0
S04825,1.54,Mobile,0
S04826,1.59,Desktop,0
S04827,1.76,Desktop,0
S04828,0.79,Desktop,0
S04829,2.05,Desktop,0
S04830,0.92,Desktop,0
S04831,3.25,Mobile,0
S04832,3.82,Mobile,1
S04833,1.04,Desktop,0
S04834,0.92,Mobile,0
S04835,0.6,Mobile,0
S04836,1.64,Desktop,0
S04837,2.03,Desktop,0
S04838,1.18,Desktop,0
S04839,0.92,Desktop,0
S04840,0.48,Mobile,1
S04841,2.92,Desktop,0
S04842,1.72,Desktop,1
S04843,0.66,Desktop,0
S04844,1.32,Desktop,0
S04845,0.61,Mobile,0
S04846,4.22,Mobile,0
S04847,0.44,Mobile,0
S04848,5.48,Mobile,0
S04849,1.61,Desktop,0
S04850,4.26,Desktop,0
S04851,2.47,Mobile,0
S04852,0.53,Desktop,0
S04853,1.39,Mobile,1
S04854,4.0,Desktop,0
S04855,2.88,Desktop,1
S04856,2.95,Desktop,0
S04857,6.07,Desktop,0
S04858,1.52,Desktop,0
S04859,3.94,Desktop,0
S04860,0.84,Desktop,0
S04861,1.06,Desktop,0
S04862,3.64,Mobile,0
S04863,1.59,Mobile,0
S04864,0.68,Desktop,0
S04865,1.61,Desktop,0
S04866,0.68,Desktop,0
S04867,1.06,Mobile,0
S04868,3.54,Desktop,0
S04869,0.97,Mobile,0
S04870,0.6,Mobile,0
S04871,3.01,Desktop,0
S04872,0.79,Mobile,0
S04873,0.67,Mobile,0
S04874,0.95,Desktop,0
S04875,1.46,Mobile,0
S04876,1.02,Mobile,0
S04877,1.32,Mobile,0
S04878,0.42,Mobile,0
S04879,5.26,Mobile,0
S04880,0.71,Mobile,0
S04881,7.35,Mobile,0
S04882,0.87,Mobile,0
S04883,2.09,Mobile,0
S04884,0.94,Mobile,1
S04885,1.75,Desktop,1
S04886,3.9,Mobile,0
S04887,0.54,Mobile,0
S04888,1.75,Desktop,0
S04889,2.34,Desktop,1
S04890,0.47,Mobile,0
S04891,1.96,Mobile,0
S04892,0.65,Desktop,0
S04893,0.71,Mobile,0
S04894,2.23,Desktop,1
S04895,3.13,Desktop,0
S04896,0.92,Mobile,0
S04897,3.07,Desktop,1
S04898,1.08,Desktop,0
S04899,0.41,Desktop,0
S04900,0.86,Desktop,0
S04901,1.3,Desktop,0
S04902,1.46,Mobile,0
S04903,0.95,Mobile,0
S04904,1.49,Mobile,0
S04905,0.49,Desktop,0
S04906,0.56,Mobile,0
S04907,0.83,Mobile,0
S04908,1.01,Mobile,0
S04909,1.4,Desktop,1
S04910,2.1,Desktop,0
S04911,0.49,Desktop,0
S04912,3.13,Desktop,0
S04913,0.63,Desktop,0
S04914,1.55,Desktop,0
S04915,1.09,Mobile,0
S04916,2.98,Mobile,0
S04917,3.04,Desktop,0
S04918,5.31,Mobile,0
S04919,1.92,Desktop,0
S04920,0.91,Desktop,0
S04921,3.14,Desktop,1
S04922,4.34,Desktop,0
S04923,0.92,Mobile,0
S04924,7.6,Mobile,0
S04925,0.48,Desktop,0
S04926,1.74,Mobile,0
S04927,0.79,Mobile,0
S04928,0.88,Mobile,0
S04929,0.71,Desktop,1
S04930,1.66,Desktop,0
S04931,0.52,Desktop,0
S04932,3.72,Desktop,0
S04933,5.19,Mobile,0
S04934,2.01,Desktop,0
S04935,0.98,Mobile,0
S04936,0.74,Desktop,0
S04937,0.89,Desktop,0
S04938,1.36,Mobile,1
S04939,2.89,Mobile,0
S04940,1.43,Desktop,0
S04941,0.83,Desktop,0
S04942,0.42,Mobile,0
S04943,0.7,Mobile,0
S04944,2.48,Desktop,0
S04945,1.93,Mobile,0
S04946,1.3,Desktop,0
S04947,4.0,Mobile,0
S04948,1.42,Mobile,0
S04949,1.82,Mobile,0
S04950,1.69,Desktop,0
S04951,1.24,Desktop,1
S04952,0.4,Desktop,0
S04953,0.41,Mobile,1
S04954,0.6,Mobile,0
S04955,3.13,Desktop,0
S04956,1.95,Desktop,1
S04957,2.28,Desktop,0
S04958,1.56,Mobile,0
S04959,1.76,Mobile,0
S04960,0.51,Desktop,1
S04961,0.75,Desktop,0
S04962,6.04,Desktop,0
S04963,1.54,Desktop,0
S04964,6.92,Desktop,0
S04965,0.69,Desktop,0
S04966,2.29,Mobile,0
S04967,0.65,Mobile,0
S04968,0.79,Mobile,0
S04969,0.85,Desktop,1
S04970,0.41,Mobile,0
S04971,0.91,Mobile,1
S04972,1.43,Mobile,0
S04973,0.75,Desktop,0
S04974,0.8,Mobile,0
S04975,3.16,Desktop,0
S04976,0.4,Mobile,1
S04977,3.02,Mobile,0
S04978,1.18,Mobile,0
S04979,1.02,Mobile,0
S04980,0.52,Mobile,0
S04981,0.88,Desktop,0
S04982,0.46,Mobile,0
S04983,0.93,Desktop,0
S04984,0.78,Mobile,0
S04985,1.07,Desktop,0
S04986,1.45,Desktop,0
S04987,2.6,Mobile,0
S04988,1.8,Desktop,0
S04989,6.1,Mobile,0
S04990,0.67,Desktop,0
S04991,4.91,Mobile,0
S04992,2.1,Mobile,0
S04993,1.0,Desktop,0
S04994,0.43,Desktop,0
S04995,1.98,Desktop,0
S04996,0.96,Desktop,1
S04997,0.54,Mobile,0
S04998,0.81,Mobile,0
S04999,1.07,Desktop,1
